kind,etag,id,video_link,video_id,publishedAt,channelId,title,description,thumbnails,channelTitle,playlistId,position,resourceId,videoOwnerChannelTitle,videoOwnerChannelId,thumbnail
youtube#playlistItem,CnOlMkR1yzIVUirmGDLt816Bjow,UExHcm1XSEFwczdCd21uMTZSWEEwUjNxbDJyOW9uOFNRMi5ENjI1QUI0MDI5NEQzODFE,https://www.youtube.com/watch?v=4DoAUh_BVOM,4DoAUh_BVOM,2025-01-06T17:07:46Z,UCu0amGxQJBNtd1YlTFETTqQ,"December 16th, 2024: City Planning Commission Review Session + Special Public Meeting","Calendar for December 16*, 2024: https://www1.nyc.gov/assets/planning/download/pdf/about/commission/review-session.pdf?r=12/16/24.
*Meeting held in person in the New York City Department of City Planning Hearing Room, 120 Broadway, Lower Concourse, and remotely via ZOOM Webinar.

Upcoming CPC meetings: https://www1.nyc.gov/site/planning/about/commission-meetings.page

City Planning Commission (CPC) Public Meetings are open to the public and typically begin at 10:00am on Wednesdays, following a Monday CPC Review Session. The CPC Public Meetings are comprised of:

- Scheduling dates for future public hearings
- Reports (Commission votes)
- Public hearings, during which testimony is accepted regarding land use applications in public review

 Closed captioning is available through YouTube, and DCP makes no representations or warranties with respect thereto.","{'default': {'url': 'https://i.ytimg.com/vi/4DoAUh_BVOM/default.jpg', 'width': 120, 'height': 90}, 'medium': {'url': 'https://i.ytimg.com/vi/4DoAUh_BVOM/mqdefault.jpg', 'width': 320, 'height': 180}, 'high': {'url': 'https://i.ytimg.com/vi/4DoAUh_BVOM/hqdefault.jpg', 'width': 480, 'height': 360}, 'standard': {'url': 'https://i.ytimg.com/vi/4DoAUh_BVOM/sddefault.jpg', 'width': 640, 'height': 480}, 'maxres': {'url': 'https://i.ytimg.com/vi/4DoAUh_BVOM/maxresdefault.jpg', 'width': 1280, 'height': 720}}",NYC Department of City Planning,PLGrmWHAps7Bwmn16RXA0R3ql2r9on8SQ2,0,"{'kind': 'youtube#video', 'videoId': '4DoAUh_BVOM'}",NYC Department of City Planning,UCu0amGxQJBNtd1YlTFETTqQ,https://i.ytimg.com/vi/4DoAUh_BVOM/hqdefault.jpg
youtube#playlistItem,PSK_Uks2ejlQrZgBdiNWJjzozqw,UExHcm1XSEFwczdCd21uMTZSWEEwUjNxbDJyOW9uOFNRMi41RTNBREYwMkI5QzU3RkY2,https://www.youtube.com/watch?v=7igQ2u4tuiQ,7igQ2u4tuiQ,2024-12-04T15:02:33Z,UCu0amGxQJBNtd1YlTFETTqQ,"December 4th, 2024: City Planning Commission Public Meeting","Calendar for December 4*, 2024: https://www1.nyc.gov/assets/planning/download/pdf/about/commission/calendar.pdf?r=12424
*Meeting held in person in the New York City Department of City Planning Hearing Room, 120 Broadway, Lower Concourse, and remotely via ZOOM Webinar.

Upcoming CPC meetings: https://www1.nyc.gov/site/planning/about/commission-meetings.page

City Planning Commission (CPC) Public Meetings are open to the public and typically begin at 10:00am on Wednesdays, following a Monday CPC Review Session. The CPC Public Meetings are comprised of:

- Scheduling dates for future public hearings
- Reports (Commission votes)
- Public hearings, during which testimony is accepted regarding land use applications in public review.","{'default': {'url': 'https://i.ytimg.com/vi/7igQ2u4tuiQ/default.jpg', 'width': 120, 'height': 90}, 'medium': {'url': 'https://i.ytimg.com/vi/7igQ2u4tuiQ/mqdefault.jpg', 'width': 320, 'height': 180}, 'high': {'url': 'https://i.ytimg.com/vi/7igQ2u4tuiQ/hqdefault.jpg', 'width': 480, 'height': 360}, 'standard': {'url': 'https://i.ytimg.com/vi/7igQ2u4tuiQ/sddefault.jpg', 'width': 640, 'height': 480}, 'maxres': {'url': 'https://i.ytimg.com/vi/7igQ2u4tuiQ/maxresdefault.jpg', 'width': 1280, 'height': 720}}",NYC Department of City Planning,PLGrmWHAps7Bwmn16RXA0R3ql2r9on8SQ2,1,"{'kind': 'youtube#video', 'videoId': '7igQ2u4tuiQ'}",NYC Department of City Planning,UCu0amGxQJBNtd1YlTFETTqQ,https://i.ytimg.com/vi/7igQ2u4tuiQ/hqdefault.jpg
youtube#playlistItem,mNDKOj__QHGnDtOP_feJKOEHMwA,UExHcm1XSEFwczdCd21uMTZSWEEwUjNxbDJyOW9uOFNRMi40QzRDOEU0QUYwNUIxN0M1,https://www.youtube.com/watch?v=b0j0dlbsRTY,b0j0dlbsRTY,2024-12-02T23:42:24Z,UCu0amGxQJBNtd1YlTFETTqQ,"December 2nd, 2024: City Planning Commission Review Session","Calendar for December 2*, 2024: https://www1.nyc.gov/assets/planning/download/pdf/about/commission/review-session.pdf?r=12/2/24.
*Meeting held in person in the New York City Department of City Planning Hearing Room, 120 Broadway, Lower Concourse, and remotely via ZOOM Webinar.

Upcoming CPC meetings: https://www1.nyc.gov/site/planning/about/commission-meetings.page

City Planning Commission (CPC) Public Meetings are open to the public and typically begin at 10:00am on Wednesdays, following a Monday CPC Review Session. The CPC Public Meetings are comprised of:

- Scheduling dates for future public hearings
- Reports (Commission votes)
- Public hearings, during which testimony is accepted regarding land use applications in public review

 Closed captioning is available through YouTube, and DCP makes no representations or warranties with respect thereto.","{'default': {'url': 'https://i.ytimg.com/vi/b0j0dlbsRTY/default.jpg', 'width': 120, 'height': 90}, 'medium': {'url': 'https://i.ytimg.com/vi/b0j0dlbsRTY/mqdefault.jpg', 'width': 320, 'height': 180}, 'high': {'url': 'https://i.ytimg.com/vi/b0j0dlbsRTY/hqdefault.jpg', 'width': 480, 'height': 360}, 'standard': {'url': 'https://i.ytimg.com/vi/b0j0dlbsRTY/sddefault.jpg', 'width': 640, 'height': 480}, 'maxres': {'url': 'https://i.ytimg.com/vi/b0j0dlbsRTY/maxresdefault.jpg', 'width': 1280, 'height': 720}}",NYC Department of City Planning,PLGrmWHAps7Bwmn16RXA0R3ql2r9on8SQ2,2,"{'kind': 'youtube#video', 'videoId': 'b0j0dlbsRTY'}",NYC Department of City Planning,UCu0amGxQJBNtd1YlTFETTqQ,https://i.ytimg.com/vi/b0j0dlbsRTY/hqdefault.jpg
youtube#playlistItem,T-GLdvxHjiZKUWkxTQY850nEcKA,UExHcm1XSEFwczdCd21uMTZSWEEwUjNxbDJyOW9uOFNRMi4yQUJFNUVCMzVDNjcxRTlF,https://www.youtube.com/watch?v=udz8obKspfg,udz8obKspfg,2024-11-22T18:39:48Z,UCu0amGxQJBNtd1YlTFETTqQ,"November 18th, 2024: City Planning Commission Review Session","Calendar for November 18*, 2024: https://www1.nyc.gov/assets/planning/download/pdf/about/commission/review-session.pdf?r=11/18/24.
*Meeting held in person in the New York City Department of City Planning Hearing Room, 120 Broadway, Lower Concourse, and remotely via ZOOM Webinar.

Upcoming CPC meetings: https://www1.nyc.gov/site/planning/about/commission-meetings.page

City Planning Commission (CPC) Public Meetings are open to the public and typically begin at 10:00am on Wednesdays, following a Monday CPC Review Session. The CPC Public Meetings are comprised of:

- Scheduling dates for future public hearings
- Reports (Commission votes)
- Public hearings, during which testimony is accepted regarding land use applications in public review

 Closed captioning is available through YouTube, and DCP makes no representations or warranties with respect thereto.","{'default': {'url': 'https://i.ytimg.com/vi/udz8obKspfg/default.jpg', 'width': 120, 'height': 90}, 'medium': {'url': 'https://i.ytimg.com/vi/udz8obKspfg/mqdefault.jpg', 'width': 320, 'height': 180}, 'high': {'url': 'https://i.ytimg.com/vi/udz8obKspfg/hqdefault.jpg', 'width': 480, 'height': 360}, 'standard': {'url': 'https://i.ytimg.com/vi/udz8obKspfg/sddefault.jpg', 'width': 640, 'height': 480}, 'maxres': {'url': 'https://i.ytimg.com/vi/udz8obKspfg/maxresdefault.jpg', 'width': 1280, 'height': 720}}",NYC Department of City Planning,PLGrmWHAps7Bwmn16RXA0R3ql2r9on8SQ2,3,"{'kind': 'youtube#video', 'videoId': 'udz8obKspfg'}",NYC Department of City Planning,UCu0amGxQJBNtd1YlTFETTqQ,https://i.ytimg.com/vi/udz8obKspfg/hqdefault.jpg
youtube#playlistItem,lUV2oF7qtAAB3wyQ1OnLz5REnmA,UExHcm1XSEFwczdCd21uMTZSWEEwUjNxbDJyOW9uOFNRMi4yQjZFRkExQjFGODk3RUFD,https://www.youtube.com/watch?v=PDMysEToRDA,PDMysEToRDA,2024-11-22T18:38:31Z,UCu0amGxQJBNtd1YlTFETTqQ,"November 20th, 2024: City Planning Commission Public Meeting","Calendar for November 20*, 2024: https://www1.nyc.gov/assets/planning/download/pdf/about/commission/calendar.pdf?r=112024
*Meeting held in person in the New York City Department of City Planning Hearing Room, 120 Broadway, Lower Concourse, and remotely via ZOOM Webinar.

Upcoming CPC meetings: https://www1.nyc.gov/site/planning/about/commission-meetings.page

City Planning Commission (CPC) Public Meetings are open to the public and typically begin at 10:00am on Wednesdays, following a Monday CPC Review Session. The CPC Public Meetings are comprised of:

- Scheduling dates for future public hearings
- Reports (Commission votes)
- Public hearings, during which testimony is accepted regarding land use applications in public review.","{'default': {'url': 'https://i.ytimg.com/vi/PDMysEToRDA/default.jpg', 'width': 120, 'height': 90}, 'medium': {'url': 'https://i.ytimg.com/vi/PDMysEToRDA/mqdefault.jpg', 'width': 320, 'height': 180}, 'high': {'url': 'https://i.ytimg.com/vi/PDMysEToRDA/hqdefault.jpg', 'width': 480, 'height': 360}, 'standard': {'url': 'https://i.ytimg.com/vi/PDMysEToRDA/sddefault.jpg', 'width': 640, 'height': 480}, 'maxres': {'url': 'https://i.ytimg.com/vi/PDMysEToRDA/maxresdefault.jpg', 'width': 1280, 'height': 720}}",NYC Department of City Planning,PLGrmWHAps7Bwmn16RXA0R3ql2r9on8SQ2,4,"{'kind': 'youtube#video', 'videoId': 'PDMysEToRDA'}",NYC Department of City Planning,UCu0amGxQJBNtd1YlTFETTqQ,https://i.ytimg.com/vi/PDMysEToRDA/hqdefault.jpg
youtube#playlistItem,ZmUmraowLz0oo_tP3tn5HTQBE5c,UExHcm1XSEFwczdCd21uMTZSWEEwUjNxbDJyOW9uOFNRMi41MzY4MzcwOUFFRUU3QzEx,https://www.youtube.com/watch?v=9GPlXlI87pY,9GPlXlI87pY,2024-11-06T14:58:41Z,UCu0amGxQJBNtd1YlTFETTqQ,"November 6th, 2024: City Planning Commission Public Meeting","Calendar for November 6*, 2024: https://www1.nyc.gov/assets/planning/download/pdf/about/commission/calendar.pdf?r=11624
*Meeting held in person in the New York City Department of City Planning Hearing Room, 120 Broadway, Lower Concourse, and remotely via ZOOM Webinar.

Upcoming CPC meetings: https://www1.nyc.gov/site/planning/about/commission-meetings.page

City Planning Commission (CPC) Public Meetings are open to the public and typically begin at 10:00am on Wednesdays, following a Monday CPC Review Session. The CPC Public Meetings are comprised of:

- Scheduling dates for future public hearings
- Reports (Commission votes)
- Public hearings, during which testimony is accepted regarding land use applications in public review.","{'default': {'url': 'https://i.ytimg.com/vi/9GPlXlI87pY/default.jpg', 'width': 120, 'height': 90}, 'medium': {'url': 'https://i.ytimg.com/vi/9GPlXlI87pY/mqdefault.jpg', 'width': 320, 'height': 180}, 'high': {'url': 'https://i.ytimg.com/vi/9GPlXlI87pY/hqdefault.jpg', 'width': 480, 'height': 360}, 'standard': {'url': 'https://i.ytimg.com/vi/9GPlXlI87pY/sddefault.jpg', 'width': 640, 'height': 480}, 'maxres': {'url': 'https://i.ytimg.com/vi/9GPlXlI87pY/maxresdefault.jpg', 'width': 1280, 'height': 720}}",NYC Department of City Planning,PLGrmWHAps7Bwmn16RXA0R3ql2r9on8SQ2,5,"{'kind': 'youtube#video', 'videoId': '9GPlXlI87pY'}",NYC Department of City Planning,UCu0amGxQJBNtd1YlTFETTqQ,https://i.ytimg.com/vi/9GPlXlI87pY/hqdefault.jpg
youtube#playlistItem,iFBISfZ2hx0ftxd-BdjhcO0oazo,UExHcm1XSEFwczdCd21uMTZSWEEwUjNxbDJyOW9uOFNRMi5DRUQwODMxQzUyRTlGRkY3,https://www.youtube.com/watch?v=6wAk2DMISzk,6wAk2DMISzk,2024-11-04T17:59:05Z,UCu0amGxQJBNtd1YlTFETTqQ,"November 4th, 2024: City Planning Commission Review Session","Calendar for November 4*, 2024: https://www1.nyc.gov/assets/planning/download/pdf/about/commission/review-session.pdf?r=11/4/24.
*Meeting held in person in the New York City Department of City Planning Hearing Room, 120 Broadway, Lower Concourse, and remotely via ZOOM Webinar.

Upcoming CPC meetings: https://www1.nyc.gov/site/planning/about/commission-meetings.page

City Planning Commission (CPC) Public Meetings are open to the public and typically begin at 10:00am on Wednesdays, following a Monday CPC Review Session. The CPC Public Meetings are comprised of:

- Scheduling dates for future public hearings
- Reports (Commission votes)
- Public hearings, during which testimony is accepted regarding land use applications in public review

 Closed captioning is available through YouTube, and DCP makes no representations or warranties with respect thereto.","{'default': {'url': 'https://i.ytimg.com/vi/6wAk2DMISzk/default.jpg', 'width': 120, 'height': 90}, 'medium': {'url': 'https://i.ytimg.com/vi/6wAk2DMISzk/mqdefault.jpg', 'width': 320, 'height': 180}, 'high': {'url': 'https://i.ytimg.com/vi/6wAk2DMISzk/hqdefault.jpg', 'width': 480, 'height': 360}, 'standard': {'url': 'https://i.ytimg.com/vi/6wAk2DMISzk/sddefault.jpg', 'width': 640, 'height': 480}, 'maxres': {'url': 'https://i.ytimg.com/vi/6wAk2DMISzk/maxresdefault.jpg', 'width': 1280, 'height': 720}}",NYC Department of City Planning,PLGrmWHAps7Bwmn16RXA0R3ql2r9on8SQ2,6,"{'kind': 'youtube#video', 'videoId': '6wAk2DMISzk'}",NYC Department of City Planning,UCu0amGxQJBNtd1YlTFETTqQ,https://i.ytimg.com/vi/6wAk2DMISzk/hqdefault.jpg
youtube#playlistItem,_hBjic6QlxNsg-55W5ZvcFeo75s,UExHcm1XSEFwczdCd21uMTZSWEEwUjNxbDJyOW9uOFNRMi5DNkMwRUI2MkI4QkI4NDFG,https://www.youtube.com/watch?v=Uyw4dRjfCdE,Uyw4dRjfCdE,2024-10-16T13:58:27Z,UCu0amGxQJBNtd1YlTFETTqQ,"October 16th, 2024: City Planning Commission Public Meeting","Calendar for October 16*, 2024: https://www1.nyc.gov/assets/planning/download/pdf/about/commission/calendar.pdf?r=101624
*Meeting held in person in the New York City Department of City Planning Hearing Room, 120 Broadway, Lower Concourse, and remotely via ZOOM Webinar.

Upcoming CPC meetings: https://www1.nyc.gov/site/planning/about/commission-meetings.page

City Planning Commission (CPC) Public Meetings are open to the public and typically begin at 10:00am on Wednesdays, following a Monday CPC Review Session. The CPC Public Meetings are comprised of:

- Scheduling dates for future public hearings
- Reports (Commission votes)
- Public hearings, during which testimony is accepted regarding land use applications in public review.","{'default': {'url': 'https://i.ytimg.com/vi/Uyw4dRjfCdE/default.jpg', 'width': 120, 'height': 90}, 'medium': {'url': 'https://i.ytimg.com/vi/Uyw4dRjfCdE/mqdefault.jpg', 'width': 320, 'height': 180}, 'high': {'url': 'https://i.ytimg.com/vi/Uyw4dRjfCdE/hqdefault.jpg', 'width': 480, 'height': 360}, 'standard': {'url': 'https://i.ytimg.com/vi/Uyw4dRjfCdE/sddefault.jpg', 'width': 640, 'height': 480}, 'maxres': {'url': 'https://i.ytimg.com/vi/Uyw4dRjfCdE/maxresdefault.jpg', 'width': 1280, 'height': 720}}",NYC Department of City Planning,PLGrmWHAps7Bwmn16RXA0R3ql2r9on8SQ2,7,"{'kind': 'youtube#video', 'videoId': 'Uyw4dRjfCdE'}",NYC Department of City Planning,UCu0amGxQJBNtd1YlTFETTqQ,https://i.ytimg.com/vi/Uyw4dRjfCdE/hqdefault.jpg
youtube#playlistItem,I9lj4Sa63v8A0vt-ZUcQ2NmzPy4,UExHcm1XSEFwczdCd21uMTZSWEEwUjNxbDJyOW9uOFNRMi45NkVENTkxRDdCQUFBMDY4,https://www.youtube.com/watch?v=EVyU9IbFhrw,EVyU9IbFhrw,2024-10-15T17:01:04Z,UCu0amGxQJBNtd1YlTFETTqQ,"October 15th, 2024: City Planning Commission Review Session","Calendar for October 15*, 2024: https://www1.nyc.gov/assets/planning/download/pdf/about/commission/review-session.pdf?r=10/15/24.
*Meeting held in person in the New York City Department of City Planning Hearing Room, 120 Broadway, Lower Concourse, and remotely via ZOOM Webinar.

Upcoming CPC meetings: https://www1.nyc.gov/site/planning/about/commission-meetings.page

City Planning Commission (CPC) Public Meetings are open to the public and typically begin at 10:00am on Wednesdays, following a Monday CPC Review Session. The CPC Public Meetings are comprised of:

- Scheduling dates for future public hearings
- Reports (Commission votes)
- Public hearings, during which testimony is accepted regarding land use applications in public review

 Closed captioning is available through YouTube, and DCP makes no representations or warranties with respect thereto.","{'default': {'url': 'https://i.ytimg.com/vi/EVyU9IbFhrw/default.jpg', 'width': 120, 'height': 90}, 'medium': {'url': 'https://i.ytimg.com/vi/EVyU9IbFhrw/mqdefault.jpg', 'width': 320, 'height': 180}, 'high': {'url': 'https://i.ytimg.com/vi/EVyU9IbFhrw/hqdefault.jpg', 'width': 480, 'height': 360}, 'standard': {'url': 'https://i.ytimg.com/vi/EVyU9IbFhrw/sddefault.jpg', 'width': 640, 'height': 480}, 'maxres': {'url': 'https://i.ytimg.com/vi/EVyU9IbFhrw/maxresdefault.jpg', 'width': 1280, 'height': 720}}",NYC Department of City Planning,PLGrmWHAps7Bwmn16RXA0R3ql2r9on8SQ2,8,"{'kind': 'youtube#video', 'videoId': 'EVyU9IbFhrw'}",NYC Department of City Planning,UCu0amGxQJBNtd1YlTFETTqQ,https://i.ytimg.com/vi/EVyU9IbFhrw/hqdefault.jpg
youtube#playlistItem,n9qbdJ9WvngtV3IU4BHgVIZEWn4,UExHcm1XSEFwczdCd21uMTZSWEEwUjNxbDJyOW9uOFNRMi4zQzFBN0RGNzNFREFCMjBE,https://www.youtube.com/watch?v=mFX0WOJsSxA,mFX0WOJsSxA,2024-09-25T14:59:21Z,UCu0amGxQJBNtd1YlTFETTqQ,"September 25th, 2024: City Planning Commision Public Meeting + Special Review Session","Calendar for September 25*, 2024: https://www1.nyc.gov/assets/planning/download/pdf/about/commission/calendar.pdf?r=92524
*Meeting held in person in the New York City Department of City Planning Hearing Room, 120 Broadway, Lower Concourse, and remotely via ZOOM Webinar.

Upcoming CPC meetings: https://www1.nyc.gov/site/planning/about/commission-meetings.page

City Planning Commission (CPC) Public Meetings are open to the public and typically begin at 10:00am on Wednesdays, following a Monday CPC Review Session. The CPC Public Meetings are comprised of:

- Scheduling dates for future public hearings
- Reports (Commission votes)
- Public hearings, during which testimony is accepted regarding land use applications in public review.","{'default': {'url': 'https://i.ytimg.com/vi/mFX0WOJsSxA/default.jpg', 'width': 120, 'height': 90}, 'medium': {'url': 'https://i.ytimg.com/vi/mFX0WOJsSxA/mqdefault.jpg', 'width': 320, 'height': 180}, 'high': {'url': 'https://i.ytimg.com/vi/mFX0WOJsSxA/hqdefault.jpg', 'width': 480, 'height': 360}, 'standard': {'url': 'https://i.ytimg.com/vi/mFX0WOJsSxA/sddefault.jpg', 'width': 640, 'height': 480}, 'maxres': {'url': 'https://i.ytimg.com/vi/mFX0WOJsSxA/maxresdefault.jpg', 'width': 1280, 'height': 720}}",NYC Department of City Planning,PLGrmWHAps7Bwmn16RXA0R3ql2r9on8SQ2,9,"{'kind': 'youtube#video', 'videoId': 'mFX0WOJsSxA'}",NYC Department of City Planning,UCu0amGxQJBNtd1YlTFETTqQ,https://i.ytimg.com/vi/mFX0WOJsSxA/hqdefault.jpg
youtube#playlistItem,qpczOzsOHjOqP2eefrvOp9TEZ_8,UExHcm1XSEFwczdCd21uMTZSWEEwUjNxbDJyOW9uOFNRMi5GNDg1Njc1QzZERjlFRjE5,https://www.youtube.com/watch?v=FdCB1OzaXq4,FdCB1OzaXq4,2024-09-23T18:31:15Z,UCu0amGxQJBNtd1YlTFETTqQ,"September 23rd, 2024: City Planning Commission Review Session + Special Public Meeting","Calendar for September 23*, 2024: https://www1.nyc.gov/assets/planning/download/pdf/about/commission/review-session.pdf?r=9/23/24.
*Meeting held in person in the New York City Department of City Planning Hearing Room, 120 Broadway, Lower Concourse, and remotely via ZOOM Webinar.

Upcoming CPC meetings: https://www1.nyc.gov/site/planning/about/commission-meetings.page

City Planning Commission (CPC) Public Meetings are open to the public and typically begin at 10:00am on Wednesdays, following a Monday CPC Review Session. The CPC Public Meetings are comprised of:

- Scheduling dates for future public hearings
- Reports (Commission votes)
- Public hearings, during which testimony is accepted regarding land use applications in public review

 Closed captioning is available through YouTube, and DCP makes no representations or warranties with respect thereto.","{'default': {'url': 'https://i.ytimg.com/vi/FdCB1OzaXq4/default.jpg', 'width': 120, 'height': 90}, 'medium': {'url': 'https://i.ytimg.com/vi/FdCB1OzaXq4/mqdefault.jpg', 'width': 320, 'height': 180}, 'high': {'url': 'https://i.ytimg.com/vi/FdCB1OzaXq4/hqdefault.jpg', 'width': 480, 'height': 360}, 'standard': {'url': 'https://i.ytimg.com/vi/FdCB1OzaXq4/sddefault.jpg', 'width': 640, 'height': 480}, 'maxres': {'url': 'https://i.ytimg.com/vi/FdCB1OzaXq4/maxresdefault.jpg', 'width': 1280, 'height': 720}}",NYC Department of City Planning,PLGrmWHAps7Bwmn16RXA0R3ql2r9on8SQ2,10,"{'kind': 'youtube#video', 'videoId': 'FdCB1OzaXq4'}",NYC Department of City Planning,UCu0amGxQJBNtd1YlTFETTqQ,https://i.ytimg.com/vi/FdCB1OzaXq4/hqdefault.jpg
youtube#playlistItem,4a366GAKor5KD3VBL4hhXMOLOkE,UExHcm1XSEFwczdCd21uMTZSWEEwUjNxbDJyOW9uOFNRMi4xOTEzQzhBQzU3MDNDNjcz,https://www.youtube.com/watch?v=cr5IkNR7MsY,cr5IkNR7MsY,2024-09-11T13:58:17Z,UCu0amGxQJBNtd1YlTFETTqQ,"September 11th, 2024: City Planning Commission Public Meeting + Special Review Session","Calendar for September 11*, 2024: https://www1.nyc.gov/assets/planning/download/pdf/about/commission/calendar.pdf?r=91124
*Meeting held in person in the New York City Department of City Planning Hearing Room, 120 Broadway, Lower Concourse, and remotely via ZOOM Webinar.

Upcoming CPC meetings: https://www1.nyc.gov/site/planning/about/commission-meetings.page

City Planning Commission (CPC) Public Meetings are open to the public and typically begin at 10:00am on Wednesdays, following a Monday CPC Review Session. The CPC Public Meetings are comprised of:

- Scheduling dates for future public hearings
- Reports (Commission votes)
- Public hearings, during which testimony is accepted regarding land use applications in public review.","{'default': {'url': 'https://i.ytimg.com/vi/cr5IkNR7MsY/default.jpg', 'width': 120, 'height': 90}, 'medium': {'url': 'https://i.ytimg.com/vi/cr5IkNR7MsY/mqdefault.jpg', 'width': 320, 'height': 180}, 'high': {'url': 'https://i.ytimg.com/vi/cr5IkNR7MsY/hqdefault.jpg', 'width': 480, 'height': 360}, 'standard': {'url': 'https://i.ytimg.com/vi/cr5IkNR7MsY/sddefault.jpg', 'width': 640, 'height': 480}, 'maxres': {'url': 'https://i.ytimg.com/vi/cr5IkNR7MsY/maxresdefault.jpg', 'width': 1280, 'height': 720}}",NYC Department of City Planning,PLGrmWHAps7Bwmn16RXA0R3ql2r9on8SQ2,11,"{'kind': 'youtube#video', 'videoId': 'cr5IkNR7MsY'}",NYC Department of City Planning,UCu0amGxQJBNtd1YlTFETTqQ,https://i.ytimg.com/vi/cr5IkNR7MsY/hqdefault.jpg
youtube#playlistItem,-vLInL51S-3wKNWA_DJv9iFUWZs,UExHcm1XSEFwczdCd21uMTZSWEEwUjNxbDJyOW9uOFNRMi5BRjJDODk5REM0NjkzMUIy,https://www.youtube.com/watch?v=pxZERXEEybM,pxZERXEEybM,2024-09-09T16:58:28Z,UCu0amGxQJBNtd1YlTFETTqQ,"September 9th, 2024: City Planning Commission Review Session","Calendar for September 9*, 2024: https://www1.nyc.gov/assets/planning/download/pdf/about/commission/review-session.pdf?r=9/9/24.
*Meeting held in person in the New York City Department of City Planning Hearing Room, 120 Broadway, Lower Concourse, and remotely via ZOOM Webinar.

Upcoming CPC meetings: https://www1.nyc.gov/site/planning/about/commission-meetings.page

City Planning Commission (CPC) Public Meetings are open to the public and typically begin at 10:00am on Wednesdays, following a Monday CPC Review Session. The CPC Public Meetings are comprised of:

- Scheduling dates for future public hearings
- Reports (Commission votes)
- Public hearings, during which testimony is accepted regarding land use applications in public review

 Closed captioning is available through YouTube, and DCP makes no representations or warranties with respect thereto.","{'default': {'url': 'https://i.ytimg.com/vi/pxZERXEEybM/default.jpg', 'width': 120, 'height': 90}, 'medium': {'url': 'https://i.ytimg.com/vi/pxZERXEEybM/mqdefault.jpg', 'width': 320, 'height': 180}, 'high': {'url': 'https://i.ytimg.com/vi/pxZERXEEybM/hqdefault.jpg', 'width': 480, 'height': 360}, 'standard': {'url': 'https://i.ytimg.com/vi/pxZERXEEybM/sddefault.jpg', 'width': 640, 'height': 480}, 'maxres': {'url': 'https://i.ytimg.com/vi/pxZERXEEybM/maxresdefault.jpg', 'width': 1280, 'height': 720}}",NYC Department of City Planning,PLGrmWHAps7Bwmn16RXA0R3ql2r9on8SQ2,12,"{'kind': 'youtube#video', 'videoId': 'pxZERXEEybM'}",NYC Department of City Planning,UCu0amGxQJBNtd1YlTFETTqQ,https://i.ytimg.com/vi/pxZERXEEybM/hqdefault.jpg
youtube#playlistItem,PX1uFoESjsX41YwNdqHG75eSoFo,UExHcm1XSEFwczdCd21uMTZSWEEwUjNxbDJyOW9uOFNRMi40QTA3NTU2RkM1QzlCMzYx,https://www.youtube.com/watch?v=L7Y5CtDZY4w,L7Y5CtDZY4w,2024-08-21T13:55:33Z,UCu0amGxQJBNtd1YlTFETTqQ,"August 21, 2024: City Planning Commission Public Meeting","Calendar for August 21st*, 2024: https://www1.nyc.gov/assets/planning/download/pdf/about/commission/calendar.pdf?r=82124
*Meeting held in person in the New York City Department of City Planning Hearing Room, 120 Broadway, Lower Concourse, and remotely via ZOOM Webinar.

Upcoming CPC meetings: https://www1.nyc.gov/site/planning/about/commission-meetings.page

City Planning Commission (CPC) Public Meetings are open to the public and typically begin at 10:00am on Wednesdays, following a Monday CPC Review Session. The CPC Public Meetings are comprised of:

- Scheduling dates for future public hearings
- Reports (Commission votes)
- Public hearings, during which testimony is accepted regarding land use applications in public review.","{'default': {'url': 'https://i.ytimg.com/vi/L7Y5CtDZY4w/default.jpg', 'width': 120, 'height': 90}, 'medium': {'url': 'https://i.ytimg.com/vi/L7Y5CtDZY4w/mqdefault.jpg', 'width': 320, 'height': 180}, 'high': {'url': 'https://i.ytimg.com/vi/L7Y5CtDZY4w/hqdefault.jpg', 'width': 480, 'height': 360}, 'standard': {'url': 'https://i.ytimg.com/vi/L7Y5CtDZY4w/sddefault.jpg', 'width': 640, 'height': 480}, 'maxres': {'url': 'https://i.ytimg.com/vi/L7Y5CtDZY4w/maxresdefault.jpg', 'width': 1280, 'height': 720}}",NYC Department of City Planning,PLGrmWHAps7Bwmn16RXA0R3ql2r9on8SQ2,13,"{'kind': 'youtube#video', 'videoId': 'L7Y5CtDZY4w'}",NYC Department of City Planning,UCu0amGxQJBNtd1YlTFETTqQ,https://i.ytimg.com/vi/L7Y5CtDZY4w/hqdefault.jpg
youtube#playlistItem,5lwrq1VT3_7pmdfI0BpNLHeQ110,UExHcm1XSEFwczdCd21uMTZSWEEwUjNxbDJyOW9uOFNRMi45RjNFMDhGQ0Q2RkFCQTc1,https://www.youtube.com/watch?v=PuG-Lu_5Qh8,PuG-Lu_5Qh8,2024-08-19T17:03:25Z,UCu0amGxQJBNtd1YlTFETTqQ,"August 19th, 2024: City Planning Commission Review Session","Calendar for August 19*, 2024: https://www1.nyc.gov/assets/planning/download/pdf/about/commission/review-session.pdf?r=8/19/24.
*Meeting held in person in the New York City Department of City Planning Hearing Room, 120 Broadway, Lower Concourse, and remotely via ZOOM Webinar.

Upcoming CPC meetings: https://www1.nyc.gov/site/planning/about/commission-meetings.page

City Planning Commission (CPC) Public Meetings are open to the public and typically begin at 10:00am on Wednesdays, following a Monday CPC Review Session. The CPC Public Meetings are comprised of:

- Scheduling dates for future public hearings
- Reports (Commission votes)
- Public hearings, during which testimony is accepted regarding land use applications in public review

 Closed captioning is available through YouTube, and DCP makes no representations or warranties with respect thereto.","{'default': {'url': 'https://i.ytimg.com/vi/PuG-Lu_5Qh8/default.jpg', 'width': 120, 'height': 90}, 'medium': {'url': 'https://i.ytimg.com/vi/PuG-Lu_5Qh8/mqdefault.jpg', 'width': 320, 'height': 180}, 'high': {'url': 'https://i.ytimg.com/vi/PuG-Lu_5Qh8/hqdefault.jpg', 'width': 480, 'height': 360}, 'standard': {'url': 'https://i.ytimg.com/vi/PuG-Lu_5Qh8/sddefault.jpg', 'width': 640, 'height': 480}, 'maxres': {'url': 'https://i.ytimg.com/vi/PuG-Lu_5Qh8/maxresdefault.jpg', 'width': 1280, 'height': 720}}",NYC Department of City Planning,PLGrmWHAps7Bwmn16RXA0R3ql2r9on8SQ2,14,"{'kind': 'youtube#video', 'videoId': 'PuG-Lu_5Qh8'}",NYC Department of City Planning,UCu0amGxQJBNtd1YlTFETTqQ,https://i.ytimg.com/vi/PuG-Lu_5Qh8/hqdefault.jpg
youtube#playlistItem,RnrnTG01CMztgqXGA9j5ZfXbTCk,UExHcm1XSEFwczdCd21uMTZSWEEwUjNxbDJyOW9uOFNRMi42MTI4Njc2QjM1RjU1MjlG,https://www.youtube.com/watch?v=oYt2Na0j2qw,oYt2Na0j2qw,2024-08-12T17:56:29Z,UCu0amGxQJBNtd1YlTFETTqQ,"August 7th, 2024: City Planning Commission Public Meeting + Special Review Session","Calendar for August 7th*, 2024: https://www1.nyc.gov/assets/planning/download/pdf/about/commission/calendar.pdf?r=80724
*Meeting held in person in the New York City Department of City Planning Hearing Room, 120 Broadway, Lower Concourse, and remotely via ZOOM Webinar.

Upcoming CPC meetings: https://www1.nyc.gov/site/planning/about/commission-meetings.page

City Planning Commission (CPC) Public Meetings are open to the public and typically begin at 10:00am on Wednesdays, following a Monday CPC Review Session. The CPC Public Meetings are comprised of:

- Scheduling dates for future public hearings
- Reports (Commission votes)
- Public hearings, during which testimony is accepted regarding land use applications in public review.","{'default': {'url': 'https://i.ytimg.com/vi/oYt2Na0j2qw/default.jpg', 'width': 120, 'height': 90}, 'medium': {'url': 'https://i.ytimg.com/vi/oYt2Na0j2qw/mqdefault.jpg', 'width': 320, 'height': 180}, 'high': {'url': 'https://i.ytimg.com/vi/oYt2Na0j2qw/hqdefault.jpg', 'width': 480, 'height': 360}, 'standard': {'url': 'https://i.ytimg.com/vi/oYt2Na0j2qw/sddefault.jpg', 'width': 640, 'height': 480}, 'maxres': {'url': 'https://i.ytimg.com/vi/oYt2Na0j2qw/maxresdefault.jpg', 'width': 1280, 'height': 720}}",NYC Department of City Planning,PLGrmWHAps7Bwmn16RXA0R3ql2r9on8SQ2,15,"{'kind': 'youtube#video', 'videoId': 'oYt2Na0j2qw'}",NYC Department of City Planning,UCu0amGxQJBNtd1YlTFETTqQ,https://i.ytimg.com/vi/oYt2Na0j2qw/hqdefault.jpg
youtube#playlistItem,CA4AxZXqOYoznW7djPvdNRZA6H0,UExHcm1XSEFwczdCd21uMTZSWEEwUjNxbDJyOW9uOFNRMi5CMEQ2Mjk5NTc3NDZFRUNB,https://www.youtube.com/watch?v=msMIyLMSpJc,msMIyLMSpJc,2024-08-05T17:00:41Z,UCu0amGxQJBNtd1YlTFETTqQ,"August 5th, 2024: City Planning Commission Review Session","Calendar for August 5*, 2024: https://www1.nyc.gov/assets/planning/download/pdf/about/commission/review-session.pdf?r=8/5/24.
*Meeting held in person in the New York City Department of City Planning Hearing Room, 120 Broadway, Lower Concourse, and remotely via ZOOM Webinar.

Upcoming CPC meetings: https://www1.nyc.gov/site/planning/about/commission-meetings.page

City Planning Commission (CPC) Public Meetings are open to the public and typically begin at 10:00am on Wednesdays, following a Monday CPC Review Session. The CPC Public Meetings are comprised of:

- Scheduling dates for future public hearings
- Reports (Commission votes)
- Public hearings, during which testimony is accepted regarding land use applications in public review

 Closed captioning is available through YouTube, and DCP makes no representations or warranties with respect thereto.","{'default': {'url': 'https://i.ytimg.com/vi/msMIyLMSpJc/default.jpg', 'width': 120, 'height': 90}, 'medium': {'url': 'https://i.ytimg.com/vi/msMIyLMSpJc/mqdefault.jpg', 'width': 320, 'height': 180}, 'high': {'url': 'https://i.ytimg.com/vi/msMIyLMSpJc/hqdefault.jpg', 'width': 480, 'height': 360}, 'standard': {'url': 'https://i.ytimg.com/vi/msMIyLMSpJc/sddefault.jpg', 'width': 640, 'height': 480}, 'maxres': {'url': 'https://i.ytimg.com/vi/msMIyLMSpJc/maxresdefault.jpg', 'width': 1280, 'height': 720}}",NYC Department of City Planning,PLGrmWHAps7Bwmn16RXA0R3ql2r9on8SQ2,16,"{'kind': 'youtube#video', 'videoId': 'msMIyLMSpJc'}",NYC Department of City Planning,UCu0amGxQJBNtd1YlTFETTqQ,https://i.ytimg.com/vi/msMIyLMSpJc/hqdefault.jpg
youtube#playlistItem,dqRYK2UgNe-28nUWowAe4n9S1EQ,UExHcm1XSEFwczdCd21uMTZSWEEwUjNxbDJyOW9uOFNRMi4zRDBDOEZDOUM0MDY5NEEz,https://www.youtube.com/watch?v=pHG5aOb8Nko,pHG5aOb8Nko,2024-07-24T14:02:27Z,UCu0amGxQJBNtd1YlTFETTqQ,"July 24th, 2024: City Planning Commission Public Meeting + Special Review Session","Calendar for July 24th*, 2024: https://www1.nyc.gov/assets/planning/download/pdf/about/commission/calendar.pdf?r=72424
*Meeting held in person in the New York City Department of City Planning Hearing Room, 120 Broadway, Lower Concourse, and remotely via ZOOM Webinar.

Upcoming CPC meetings: https://www1.nyc.gov/site/planning/about/commission-meetings.page

City Planning Commission (CPC) Public Meetings are open to the public and typically begin at 10:00am on Wednesdays, following a Monday CPC Review Session. The CPC Public Meetings are comprised of:

- Scheduling dates for future public hearings
- Reports (Commission votes)
- Public hearings, during which testimony is accepted regarding land use applications in public review.","{'default': {'url': 'https://i.ytimg.com/vi/pHG5aOb8Nko/default.jpg', 'width': 120, 'height': 90}, 'medium': {'url': 'https://i.ytimg.com/vi/pHG5aOb8Nko/mqdefault.jpg', 'width': 320, 'height': 180}, 'high': {'url': 'https://i.ytimg.com/vi/pHG5aOb8Nko/hqdefault.jpg', 'width': 480, 'height': 360}, 'standard': {'url': 'https://i.ytimg.com/vi/pHG5aOb8Nko/sddefault.jpg', 'width': 640, 'height': 480}, 'maxres': {'url': 'https://i.ytimg.com/vi/pHG5aOb8Nko/maxresdefault.jpg', 'width': 1280, 'height': 720}}",NYC Department of City Planning,PLGrmWHAps7Bwmn16RXA0R3ql2r9on8SQ2,17,"{'kind': 'youtube#video', 'videoId': 'pHG5aOb8Nko'}",NYC Department of City Planning,UCu0amGxQJBNtd1YlTFETTqQ,https://i.ytimg.com/vi/pHG5aOb8Nko/hqdefault.jpg
youtube#playlistItem,ItqsJDgHxTAslL3apWYiGvbZWyk,UExHcm1XSEFwczdCd21uMTZSWEEwUjNxbDJyOW9uOFNRMi41QUZGQTY5OTE4QTREQUU4,https://www.youtube.com/watch?v=lalr46jCOxc,lalr46jCOxc,2024-07-22T16:58:25Z,UCu0amGxQJBNtd1YlTFETTqQ,"July 22nd, 2024: City Planning Commission Review Session","Calendar for July 22*, 2024: https://www1.nyc.gov/assets/planning/download/pdf/about/commission/review-session.pdf?r=7/22/24.
*Meeting held in person in the New York City Department of City Planning Hearing Room, 120 Broadway, Lower Concourse, and remotely via ZOOM Webinar.

Upcoming CPC meetings: https://www1.nyc.gov/site/planning/about/commission-meetings.page

City Planning Commission (CPC) Public Meetings are open to the public and typically begin at 10:00am on Wednesdays, following a Monday CPC Review Session. The CPC Public Meetings are comprised of:

- Scheduling dates for future public hearings
- Reports (Commission votes)
- Public hearings, during which testimony is accepted regarding land use applications in public review

 Closed captioning is available through YouTube, and DCP makes no representations or warranties with respect thereto.","{'default': {'url': 'https://i.ytimg.com/vi/lalr46jCOxc/default.jpg', 'width': 120, 'height': 90}, 'medium': {'url': 'https://i.ytimg.com/vi/lalr46jCOxc/mqdefault.jpg', 'width': 320, 'height': 180}, 'high': {'url': 'https://i.ytimg.com/vi/lalr46jCOxc/hqdefault.jpg', 'width': 480, 'height': 360}, 'standard': {'url': 'https://i.ytimg.com/vi/lalr46jCOxc/sddefault.jpg', 'width': 640, 'height': 480}, 'maxres': {'url': 'https://i.ytimg.com/vi/lalr46jCOxc/maxresdefault.jpg', 'width': 1280, 'height': 720}}",NYC Department of City Planning,PLGrmWHAps7Bwmn16RXA0R3ql2r9on8SQ2,18,"{'kind': 'youtube#video', 'videoId': 'lalr46jCOxc'}",NYC Department of City Planning,UCu0amGxQJBNtd1YlTFETTqQ,https://i.ytimg.com/vi/lalr46jCOxc/hqdefault.jpg
youtube#playlistItem,-vRxLOLetj4R2JMTLTZURH5nNks,UExHcm1XSEFwczdCd21uMTZSWEEwUjNxbDJyOW9uOFNRMi43NDhFRTgwOTRERTU4Rjg3,https://www.youtube.com/watch?v=2SMvuto6tEw,2SMvuto6tEw,2024-07-12T23:09:40Z,UCu0amGxQJBNtd1YlTFETTqQ,"Part 2: CPC Public Hearing on City of Yes for Housing Opportunity (July 10th, 2024)","Part 2 of the City Planning Commission public hearing for City of Yes for Housing Opportunity, held on July 10th, 2024, at the NYC Department of City Planning Hearing Room at 120 Broadway in Manhattan. 

See Part 1 here: https://youtube.com/live/70a3WS0l_GI
Learn more about the City of Yes for Housing Opportunity proposal: nyc.gov/YesHousingOpportunity
See upcoming CPC meetings: https://www1.nyc.gov/site/planning/about/commission-meetings.page","{'default': {'url': 'https://i.ytimg.com/vi/2SMvuto6tEw/default.jpg', 'width': 120, 'height': 90}, 'medium': {'url': 'https://i.ytimg.com/vi/2SMvuto6tEw/mqdefault.jpg', 'width': 320, 'height': 180}, 'high': {'url': 'https://i.ytimg.com/vi/2SMvuto6tEw/hqdefault.jpg', 'width': 480, 'height': 360}, 'standard': {'url': 'https://i.ytimg.com/vi/2SMvuto6tEw/sddefault.jpg', 'width': 640, 'height': 480}, 'maxres': {'url': 'https://i.ytimg.com/vi/2SMvuto6tEw/maxresdefault.jpg', 'width': 1280, 'height': 720}}",NYC Department of City Planning,PLGrmWHAps7Bwmn16RXA0R3ql2r9on8SQ2,19,"{'kind': 'youtube#video', 'videoId': '2SMvuto6tEw'}",NYC Department of City Planning,UCu0amGxQJBNtd1YlTFETTqQ,https://i.ytimg.com/vi/2SMvuto6tEw/hqdefault.jpg
youtube#playlistItem,DxUHyC1XeQ8igZBLi9p27maTDso,UExHcm1XSEFwczdCd21uMTZSWEEwUjNxbDJyOW9uOFNRMi44Mjc5REFBRUE2MTdFRDU0,https://www.youtube.com/watch?v=70a3WS0l_GI,70a3WS0l_GI,2024-07-11T14:32:58Z,UCu0amGxQJBNtd1YlTFETTqQ,"Part 1: CPC Public Hearing on City of Yes for Housing Opportunity (July 10th, 2024)","Watch Part 1 of the City Planning Commission public hearing for City of Yes for Housing Opportunity, held on July 10th, 2024, at the NYC Department of City Planning Hearing Room at 120 Broadway in Manhattan. 

See Part 2 here:  https://youtu.be/2SMvuto6tEw
Learn more about the City of Yes for Housing Opportunity proposal: nyc.gov/YesHousingOpportunity
See upcoming CPC meetings: https://www1.nyc.gov/site/planning/about/commission-meetings.page.","{'default': {'url': 'https://i.ytimg.com/vi/70a3WS0l_GI/default.jpg', 'width': 120, 'height': 90}, 'medium': {'url': 'https://i.ytimg.com/vi/70a3WS0l_GI/mqdefault.jpg', 'width': 320, 'height': 180}, 'high': {'url': 'https://i.ytimg.com/vi/70a3WS0l_GI/hqdefault.jpg', 'width': 480, 'height': 360}, 'standard': {'url': 'https://i.ytimg.com/vi/70a3WS0l_GI/sddefault.jpg', 'width': 640, 'height': 480}, 'maxres': {'url': 'https://i.ytimg.com/vi/70a3WS0l_GI/maxresdefault.jpg', 'width': 1280, 'height': 720}}",NYC Department of City Planning,PLGrmWHAps7Bwmn16RXA0R3ql2r9on8SQ2,20,"{'kind': 'youtube#video', 'videoId': '70a3WS0l_GI'}",NYC Department of City Planning,UCu0amGxQJBNtd1YlTFETTqQ,https://i.ytimg.com/vi/70a3WS0l_GI/hqdefault.jpg
youtube#playlistItem,kvAjF5F-b4-EqdGhtXswdSLrGHM,UExHcm1XSEFwczdCd21uMTZSWEEwUjNxbDJyOW9uOFNRMi5DMkU4NTY1QUFGQTYwMDE3,https://www.youtube.com/watch?v=70a3WS0l_GI,70a3WS0l_GI,2024-07-10T13:56:29Z,UCu0amGxQJBNtd1YlTFETTqQ,"Part 1: CPC Public Hearing on City of Yes for Housing Opportunity (July 10th, 2024)","Watch Part 1 of the City Planning Commission public hearing for City of Yes for Housing Opportunity, held on July 10th, 2024, at the NYC Department of City Planning Hearing Room at 120 Broadway in Manhattan. 

See Part 2 here:  https://youtu.be/2SMvuto6tEw
Learn more about the City of Yes for Housing Opportunity proposal: nyc.gov/YesHousingOpportunity
See upcoming CPC meetings: https://www1.nyc.gov/site/planning/about/commission-meetings.page.","{'default': {'url': 'https://i.ytimg.com/vi/70a3WS0l_GI/default.jpg', 'width': 120, 'height': 90}, 'medium': {'url': 'https://i.ytimg.com/vi/70a3WS0l_GI/mqdefault.jpg', 'width': 320, 'height': 180}, 'high': {'url': 'https://i.ytimg.com/vi/70a3WS0l_GI/hqdefault.jpg', 'width': 480, 'height': 360}, 'standard': {'url': 'https://i.ytimg.com/vi/70a3WS0l_GI/sddefault.jpg', 'width': 640, 'height': 480}, 'maxres': {'url': 'https://i.ytimg.com/vi/70a3WS0l_GI/maxresdefault.jpg', 'width': 1280, 'height': 720}}",NYC Department of City Planning,PLGrmWHAps7Bwmn16RXA0R3ql2r9on8SQ2,21,"{'kind': 'youtube#video', 'videoId': '70a3WS0l_GI'}",NYC Department of City Planning,UCu0amGxQJBNtd1YlTFETTqQ,https://i.ytimg.com/vi/70a3WS0l_GI/hqdefault.jpg
youtube#playlistItem,6VZKQ0d7ZHmkkTLUqNt2DRNsm3w,UExHcm1XSEFwczdCd21uMTZSWEEwUjNxbDJyOW9uOFNRMi4yQUE2Q0JEMTk4NTM3RTZC,https://www.youtube.com/watch?v=ZwNAxJ-wmuA,ZwNAxJ-wmuA,2024-07-08T16:59:26Z,UCu0amGxQJBNtd1YlTFETTqQ,"July 8th, 2024: City Planning Commission Review Session","Calendar for July 8*, 2024: https://www1.nyc.gov/assets/planning/download/pdf/about/commission/review-session.pdf?r=7/8/24.
*Meeting held in person in the New York City Department of City Planning Hearing Room, 120 Broadway, Lower Concourse, and remotely via ZOOM Webinar.

Upcoming CPC meetings: https://www1.nyc.gov/site/planning/about/commission-meetings.page

City Planning Commission (CPC) Public Meetings are open to the public and typically begin at 10:00am on Wednesdays, following a Monday CPC Review Session. The CPC Public Meetings are comprised of:

- Scheduling dates for future public hearings
- Reports (Commission votes)
- Public hearings, during which testimony is accepted regarding land use applications in public review

 Closed captioning is available through YouTube, and DCP makes no representations or warranties with respect thereto.","{'default': {'url': 'https://i.ytimg.com/vi/ZwNAxJ-wmuA/default.jpg', 'width': 120, 'height': 90}, 'medium': {'url': 'https://i.ytimg.com/vi/ZwNAxJ-wmuA/mqdefault.jpg', 'width': 320, 'height': 180}, 'high': {'url': 'https://i.ytimg.com/vi/ZwNAxJ-wmuA/hqdefault.jpg', 'width': 480, 'height': 360}}",NYC Department of City Planning,PLGrmWHAps7Bwmn16RXA0R3ql2r9on8SQ2,22,"{'kind': 'youtube#video', 'videoId': 'ZwNAxJ-wmuA'}",NYC Department of City Planning,UCu0amGxQJBNtd1YlTFETTqQ,https://i.ytimg.com/vi/ZwNAxJ-wmuA/hqdefault.jpg
youtube#playlistItem,h1HN8_wUU2tHglkjQ0CsZwA_gyg,UExHcm1XSEFwczdCd21uMTZSWEEwUjNxbDJyOW9uOFNRMi5DQ0MyQ0Y4Mzg0M0VGOEYw,https://www.youtube.com/watch?v=fYikxVYEILg,fYikxVYEILg,2024-06-26T14:59:32Z,UCu0amGxQJBNtd1YlTFETTqQ,"June 26th, 2024: City Planning Commission Public Meeting","Calendar for June 26th*, 2024: https://www1.nyc.gov/assets/planning/download/pdf/about/commission/calendar.pdf?r=62624
*Meeting held in person in the New York City Department of City Planning Hearing Room, 120 Broadway, Lower Concourse, and remotely via ZOOM Webinar.

Upcoming CPC meetings: https://www1.nyc.gov/site/planning/about/commission-meetings.page

City Planning Commission (CPC) Public Meetings are open to the public and typically begin at 10:00am on Wednesdays, following a Monday CPC Review Session. The CPC Public Meetings are comprised of:

- Scheduling dates for future public hearings
- Reports (Commission votes)
- Public hearings, during which testimony is accepted regarding land use applications in public review.","{'default': {'url': 'https://i.ytimg.com/vi/fYikxVYEILg/default.jpg', 'width': 120, 'height': 90}, 'medium': {'url': 'https://i.ytimg.com/vi/fYikxVYEILg/mqdefault.jpg', 'width': 320, 'height': 180}, 'high': {'url': 'https://i.ytimg.com/vi/fYikxVYEILg/hqdefault.jpg', 'width': 480, 'height': 360}, 'standard': {'url': 'https://i.ytimg.com/vi/fYikxVYEILg/sddefault.jpg', 'width': 640, 'height': 480}, 'maxres': {'url': 'https://i.ytimg.com/vi/fYikxVYEILg/maxresdefault.jpg', 'width': 1280, 'height': 720}}",NYC Department of City Planning,PLGrmWHAps7Bwmn16RXA0R3ql2r9on8SQ2,23,"{'kind': 'youtube#video', 'videoId': 'fYikxVYEILg'}",NYC Department of City Planning,UCu0amGxQJBNtd1YlTFETTqQ,https://i.ytimg.com/vi/fYikxVYEILg/hqdefault.jpg
youtube#playlistItem,dxBcnsl8_Pm0vQpsgkcyDgZFmqE,UExHcm1XSEFwczdCd21uMTZSWEEwUjNxbDJyOW9uOFNRMi43MTI1NDIwOTMwQjIxMzNG,https://www.youtube.com/watch?v=PoilechrVoY,PoilechrVoY,2024-06-24T16:59:14Z,UCu0amGxQJBNtd1YlTFETTqQ,"June 24th, 2024: City Planning Commission Review Session","Calendar for June 24*, 2024: https://www1.nyc.gov/assets/planning/download/pdf/about/commission/review-session.pdf?r=6/24/24.
*Meeting held in person in the New York City Department of City Planning Hearing Room, 120 Broadway, Lower Concourse, and remotely via ZOOM Webinar.

Upcoming CPC meetings: https://www1.nyc.gov/site/planning/about/commission-meetings.page

City Planning Commission (CPC) Public Meetings are open to the public and typically begin at 10:00am on Wednesdays, following a Monday CPC Review Session. The CPC Public Meetings are comprised of:

- Scheduling dates for future public hearings
- Reports (Commission votes)
- Public hearings, during which testimony is accepted regarding land use applications in public review

 Closed captioning is available through YouTube, and DCP makes no representations or warranties with respect thereto.","{'default': {'url': 'https://i.ytimg.com/vi/PoilechrVoY/default.jpg', 'width': 120, 'height': 90}, 'medium': {'url': 'https://i.ytimg.com/vi/PoilechrVoY/mqdefault.jpg', 'width': 320, 'height': 180}, 'high': {'url': 'https://i.ytimg.com/vi/PoilechrVoY/hqdefault.jpg', 'width': 480, 'height': 360}, 'standard': {'url': 'https://i.ytimg.com/vi/PoilechrVoY/sddefault.jpg', 'width': 640, 'height': 480}, 'maxres': {'url': 'https://i.ytimg.com/vi/PoilechrVoY/maxresdefault.jpg', 'width': 1280, 'height': 720}}",NYC Department of City Planning,PLGrmWHAps7Bwmn16RXA0R3ql2r9on8SQ2,24,"{'kind': 'youtube#video', 'videoId': 'PoilechrVoY'}",NYC Department of City Planning,UCu0amGxQJBNtd1YlTFETTqQ,https://i.ytimg.com/vi/PoilechrVoY/hqdefault.jpg
youtube#playlistItem,QRfBoBg2NhTUjqnkGAcp2FkXhp4,UExHcm1XSEFwczdCd21uMTZSWEEwUjNxbDJyOW9uOFNRMi5DNzE1RjZEMUZCMjA0RDBB,https://www.youtube.com/watch?v=giqzIwTGKSo,giqzIwTGKSo,2024-06-10T16:59:25Z,UCu0amGxQJBNtd1YlTFETTqQ,"June 10th, 2024: City Planning Commission Review Session","Calendar for June 10*, 2024: https://www1.nyc.gov/assets/planning/download/pdf/about/commission/review-session.pdf?r=6/10/24.
*Meeting held in person in the New York City Department of City Planning Hearing Room, 120 Broadway, Lower Concourse, and remotely via ZOOM Webinar.

Upcoming CPC meetings: https://www1.nyc.gov/site/planning/about/commission-meetings.page

City Planning Commission (CPC) Public Meetings are open to the public and typically begin at 10:00am on Wednesdays, following a Monday CPC Review Session. The CPC Public Meetings are comprised of:

- Scheduling dates for future public hearings
- Reports (Commission votes)
- Public hearings, during which testimony is accepted regarding land use applications in public review

 Closed captioning is available through YouTube, and DCP makes no representations or warranties with respect thereto.","{'default': {'url': 'https://i.ytimg.com/vi/giqzIwTGKSo/default.jpg', 'width': 120, 'height': 90}, 'medium': {'url': 'https://i.ytimg.com/vi/giqzIwTGKSo/mqdefault.jpg', 'width': 320, 'height': 180}, 'high': {'url': 'https://i.ytimg.com/vi/giqzIwTGKSo/hqdefault.jpg', 'width': 480, 'height': 360}, 'standard': {'url': 'https://i.ytimg.com/vi/giqzIwTGKSo/sddefault.jpg', 'width': 640, 'height': 480}, 'maxres': {'url': 'https://i.ytimg.com/vi/giqzIwTGKSo/maxresdefault.jpg', 'width': 1280, 'height': 720}}",NYC Department of City Planning,PLGrmWHAps7Bwmn16RXA0R3ql2r9on8SQ2,25,"{'kind': 'youtube#video', 'videoId': 'giqzIwTGKSo'}",NYC Department of City Planning,UCu0amGxQJBNtd1YlTFETTqQ,https://i.ytimg.com/vi/giqzIwTGKSo/hqdefault.jpg
youtube#playlistItem,KeyuZhQ5qfSAf6b-BEVwhCQG_tY,UExHcm1XSEFwczdCd21uMTZSWEEwUjNxbDJyOW9uOFNRMi45NzUwQkI1M0UxNThBMkU0,https://www.youtube.com/watch?v=EU4-bq9DrhI,EU4-bq9DrhI,2024-05-28T17:00:50Z,UCu0amGxQJBNtd1YlTFETTqQ,"May 28th, 2024: City Planning Commission Review Session","Calendar for May 28*, 2024: https://www1.nyc.gov/assets/planning/download/pdf/about/commission/review-session.pdf?r=5/28/24.
*Meeting held in person in the New York City Department of City Planning Hearing Room, 120 Broadway, Lower Concourse, and remotely via ZOOM Webinar.

Upcoming CPC meetings: https://www1.nyc.gov/site/planning/about/commission-meetings.page

City Planning Commission (CPC) Public Meetings are open to the public and typically begin at 10:00am on Wednesdays, following a Monday CPC Review Session. The CPC Public Meetings are comprised of:

- Scheduling dates for future public hearings
- Reports (Commission votes)
- Public hearings, during which testimony is accepted regarding land use applications in public review

 Closed captioning is available through YouTube, and DCP makes no representations or warranties with respect thereto.","{'default': {'url': 'https://i.ytimg.com/vi/EU4-bq9DrhI/default.jpg', 'width': 120, 'height': 90}, 'medium': {'url': 'https://i.ytimg.com/vi/EU4-bq9DrhI/mqdefault.jpg', 'width': 320, 'height': 180}, 'high': {'url': 'https://i.ytimg.com/vi/EU4-bq9DrhI/hqdefault.jpg', 'width': 480, 'height': 360}, 'standard': {'url': 'https://i.ytimg.com/vi/EU4-bq9DrhI/sddefault.jpg', 'width': 640, 'height': 480}, 'maxres': {'url': 'https://i.ytimg.com/vi/EU4-bq9DrhI/maxresdefault.jpg', 'width': 1280, 'height': 720}}",NYC Department of City Planning,PLGrmWHAps7Bwmn16RXA0R3ql2r9on8SQ2,26,"{'kind': 'youtube#video', 'videoId': 'EU4-bq9DrhI'}",NYC Department of City Planning,UCu0amGxQJBNtd1YlTFETTqQ,https://i.ytimg.com/vi/EU4-bq9DrhI/hqdefault.jpg
youtube#playlistItem,dy583BnVOORhEj82kX0v0qYZFOQ,UExHcm1XSEFwczdCd21uMTZSWEEwUjNxbDJyOW9uOFNRMi4zRjM0MkVCRTg0MkYyQTM0,https://www.youtube.com/watch?v=kFXYPTCr_gc,kFXYPTCr_gc,2024-05-15T13:58:57Z,UCu0amGxQJBNtd1YlTFETTqQ,"May 15th, 2024: City Planning Commission Public Meeting","Calendar for May 15*, 2024: https://www1.nyc.gov/assets/planning/download/pdf/about/commission/calendar.pdf?r=515024
*Meeting held in person in the New York City Department of City Planning Hearing Room, 120 Broadway, Lower Concourse, and remotely via ZOOM Webinar.

Upcoming CPC meetings: https://www1.nyc.gov/site/planning/about/commission-meetings.page

City Planning Commission (CPC) Public Meetings are open to the public and typically begin at 10:00am on Wednesdays, following a Monday CPC Review Session. The CPC Public Meetings are comprised of:

- Scheduling dates for future public hearings
- Reports (Commission votes)
- Public hearings, during which testimony is accepted regarding land use applications in public review.","{'default': {'url': 'https://i.ytimg.com/vi/kFXYPTCr_gc/default.jpg', 'width': 120, 'height': 90}, 'medium': {'url': 'https://i.ytimg.com/vi/kFXYPTCr_gc/mqdefault.jpg', 'width': 320, 'height': 180}, 'high': {'url': 'https://i.ytimg.com/vi/kFXYPTCr_gc/hqdefault.jpg', 'width': 480, 'height': 360}, 'standard': {'url': 'https://i.ytimg.com/vi/kFXYPTCr_gc/sddefault.jpg', 'width': 640, 'height': 480}, 'maxres': {'url': 'https://i.ytimg.com/vi/kFXYPTCr_gc/maxresdefault.jpg', 'width': 1280, 'height': 720}}",NYC Department of City Planning,PLGrmWHAps7Bwmn16RXA0R3ql2r9on8SQ2,27,"{'kind': 'youtube#video', 'videoId': 'kFXYPTCr_gc'}",NYC Department of City Planning,UCu0amGxQJBNtd1YlTFETTqQ,https://i.ytimg.com/vi/kFXYPTCr_gc/hqdefault.jpg
youtube#playlistItem,CxV5ZgeSBajECGfJlER7MA2Z9Mo,UExHcm1XSEFwczdCd21uMTZSWEEwUjNxbDJyOW9uOFNRMi5GM0Q3M0MzMzY5NTJFNTdE,https://www.youtube.com/watch?v=Nd7lBsYcvc0,Nd7lBsYcvc0,2024-05-13T16:58:33Z,UCu0amGxQJBNtd1YlTFETTqQ,"May 13th, 2024: City Planning Commission Review Session","Calendar for May 13*, 2024: https://www1.nyc.gov/assets/planning/download/pdf/about/commission/review-session.pdf?r=5/13/24.
*Meeting held in person in the New York City Department of City Planning Hearing Room, 120 Broadway, Lower Concourse, and remotely via ZOOM Webinar.

Upcoming CPC meetings: https://www1.nyc.gov/site/planning/about/commission-meetings.page

City Planning Commission (CPC) Public Meetings are open to the public and typically begin at 10:00am on Wednesdays, following a Monday CPC Review Session. The CPC Public Meetings are comprised of:

- Scheduling dates for future public hearings
- Reports (Commission votes)
- Public hearings, during which testimony is accepted regarding land use applications in public review

 Closed captioning is available through YouTube, and DCP makes no representations or warranties with respect thereto.","{'default': {'url': 'https://i.ytimg.com/vi/Nd7lBsYcvc0/default.jpg', 'width': 120, 'height': 90}, 'medium': {'url': 'https://i.ytimg.com/vi/Nd7lBsYcvc0/mqdefault.jpg', 'width': 320, 'height': 180}, 'high': {'url': 'https://i.ytimg.com/vi/Nd7lBsYcvc0/hqdefault.jpg', 'width': 480, 'height': 360}, 'standard': {'url': 'https://i.ytimg.com/vi/Nd7lBsYcvc0/sddefault.jpg', 'width': 640, 'height': 480}, 'maxres': {'url': 'https://i.ytimg.com/vi/Nd7lBsYcvc0/maxresdefault.jpg', 'width': 1280, 'height': 720}}",NYC Department of City Planning,PLGrmWHAps7Bwmn16RXA0R3ql2r9on8SQ2,28,"{'kind': 'youtube#video', 'videoId': 'Nd7lBsYcvc0'}",NYC Department of City Planning,UCu0amGxQJBNtd1YlTFETTqQ,https://i.ytimg.com/vi/Nd7lBsYcvc0/hqdefault.jpg
youtube#playlistItem,tOZXAa0jpwB1-rj6EFj6nEbrUGg,UExHcm1XSEFwczdCd21uMTZSWEEwUjNxbDJyOW9uOFNRMi4yMDhBMkNBNjRDMjQxQTg1,https://www.youtube.com/watch?v=JwwOYsjCht4,JwwOYsjCht4,2024-05-01T13:59:20Z,UCu0amGxQJBNtd1YlTFETTqQ,"May 1st, 2024: City Planning Commission Public Meeting","Calendar for May 1*, 2024: https://www1.nyc.gov/assets/planning/download/pdf/about/commission/calendar.pdf?r=512024
*Meeting held in person in the New York City Department of City Planning Hearing Room, 120 Broadway, Lower Concourse, and remotely via ZOOM Webinar.

Upcoming CPC meetings: https://www1.nyc.gov/site/planning/about/commission-meetings.page

City Planning Commission (CPC) Public Meetings are open to the public and typically begin at 10:00am on Wednesdays, following a Monday CPC Review Session. The CPC Public Meetings are comprised of:

- Scheduling dates for future public hearings
- Reports (Commission votes)
- Public hearings, during which testimony is accepted regarding land use applications in public review.","{'default': {'url': 'https://i.ytimg.com/vi/JwwOYsjCht4/default.jpg', 'width': 120, 'height': 90}, 'medium': {'url': 'https://i.ytimg.com/vi/JwwOYsjCht4/mqdefault.jpg', 'width': 320, 'height': 180}, 'high': {'url': 'https://i.ytimg.com/vi/JwwOYsjCht4/hqdefault.jpg', 'width': 480, 'height': 360}, 'standard': {'url': 'https://i.ytimg.com/vi/JwwOYsjCht4/sddefault.jpg', 'width': 640, 'height': 480}, 'maxres': {'url': 'https://i.ytimg.com/vi/JwwOYsjCht4/maxresdefault.jpg', 'width': 1280, 'height': 720}}",NYC Department of City Planning,PLGrmWHAps7Bwmn16RXA0R3ql2r9on8SQ2,29,"{'kind': 'youtube#video', 'videoId': 'JwwOYsjCht4'}",NYC Department of City Planning,UCu0amGxQJBNtd1YlTFETTqQ,https://i.ytimg.com/vi/JwwOYsjCht4/hqdefault.jpg
youtube#playlistItem,CV5-khQzL8MrxsygSAJ_DBFZ3cM,UExHcm1XSEFwczdCd21uMTZSWEEwUjNxbDJyOW9uOFNRMi5ENDU4Q0M4RDExNzM1Mjcy,https://www.youtube.com/watch?v=iztTLdrDVV8,iztTLdrDVV8,2024-04-30T16:48:12Z,UCu0amGxQJBNtd1YlTFETTqQ,"April 29th, 2024: City Planning Commission Review Session","Calendar for April 29*, 2024: https://www1.nyc.gov/assets/planning/download/pdf/about/commission/review-session.pdf?r=4/29/24.
*Meeting held in person in the New York City Department of City Planning Hearing Room, 120 Broadway, Lower Concourse, and remotely via ZOOM Webinar.

Upcoming CPC meetings: https://www1.nyc.gov/site/planning/about/commission-meetings.page

City Planning Commission (CPC) Public Meetings are open to the public and typically begin at 10:00am on Wednesdays, following a Monday CPC Review Session. The CPC Public Meetings are comprised of:

- Scheduling dates for future public hearings
- Reports (Commission votes)
- Public hearings, during which testimony is accepted regarding land use applications in public review

 Closed captioning is available through YouTube, and DCP makes no representations or warranties with respect thereto.","{'default': {'url': 'https://i.ytimg.com/vi/iztTLdrDVV8/default.jpg', 'width': 120, 'height': 90}, 'medium': {'url': 'https://i.ytimg.com/vi/iztTLdrDVV8/mqdefault.jpg', 'width': 320, 'height': 180}, 'high': {'url': 'https://i.ytimg.com/vi/iztTLdrDVV8/hqdefault.jpg', 'width': 480, 'height': 360}, 'standard': {'url': 'https://i.ytimg.com/vi/iztTLdrDVV8/sddefault.jpg', 'width': 640, 'height': 480}, 'maxres': {'url': 'https://i.ytimg.com/vi/iztTLdrDVV8/maxresdefault.jpg', 'width': 1280, 'height': 720}}",NYC Department of City Planning,PLGrmWHAps7Bwmn16RXA0R3ql2r9on8SQ2,30,"{'kind': 'youtube#video', 'videoId': 'iztTLdrDVV8'}",NYC Department of City Planning,UCu0amGxQJBNtd1YlTFETTqQ,https://i.ytimg.com/vi/iztTLdrDVV8/hqdefault.jpg
youtube#playlistItem,RBVMQkpE_-9KzlDwPTTb6a6N760,UExHcm1XSEFwczdCd21uMTZSWEEwUjNxbDJyOW9uOFNRMi4yMUQyQTQzMjRDNzMyQTMy,https://www.youtube.com/watch?v=6L-vF6OFV0g,6L-vF6OFV0g,2024-04-17T14:03:58Z,UCu0amGxQJBNtd1YlTFETTqQ,"April 17th, 2024: City Planning Commission Public Meeting","Calendar for April 17*, 2024: https://www1.nyc.gov/assets/planning/download/pdf/about/commission/calendar.pdf?r=4172024
*Meeting held in person in the New York City Department of City Planning Hearing Room, 120 Broadway, Lower Concourse, and remotely via ZOOM Webinar.

Upcoming CPC meetings: https://www1.nyc.gov/site/planning/about/commission-meetings.page

City Planning Commission (CPC) Public Meetings are open to the public and typically begin at 10:00am on Wednesdays, following a Monday CPC Review Session. The CPC Public Meetings are comprised of:

- Scheduling dates for future public hearings
- Reports (Commission votes)
- Public hearings, during which testimony is accepted regarding land use applications in public review.","{'default': {'url': 'https://i.ytimg.com/vi/6L-vF6OFV0g/default.jpg', 'width': 120, 'height': 90}, 'medium': {'url': 'https://i.ytimg.com/vi/6L-vF6OFV0g/mqdefault.jpg', 'width': 320, 'height': 180}, 'high': {'url': 'https://i.ytimg.com/vi/6L-vF6OFV0g/hqdefault.jpg', 'width': 480, 'height': 360}, 'standard': {'url': 'https://i.ytimg.com/vi/6L-vF6OFV0g/sddefault.jpg', 'width': 640, 'height': 480}, 'maxres': {'url': 'https://i.ytimg.com/vi/6L-vF6OFV0g/maxresdefault.jpg', 'width': 1280, 'height': 720}}",NYC Department of City Planning,PLGrmWHAps7Bwmn16RXA0R3ql2r9on8SQ2,31,"{'kind': 'youtube#video', 'videoId': '6L-vF6OFV0g'}",NYC Department of City Planning,UCu0amGxQJBNtd1YlTFETTqQ,https://i.ytimg.com/vi/6L-vF6OFV0g/hqdefault.jpg
youtube#playlistItem,r9_tKUPUbgcdR19zpfDeZEjCXiE,UExHcm1XSEFwczdCd21uMTZSWEEwUjNxbDJyOW9uOFNRMi41QTY1Q0UxMTVCODczNThE,https://www.youtube.com/watch?v=F2xECOCQCm8,F2xECOCQCm8,2024-04-16T04:14:45Z,UCu0amGxQJBNtd1YlTFETTqQ,"April 15th, 2024: City Planning Commission Review Session","Calendar for April 15*, 2024: https://www1.nyc.gov/assets/planning/download/pdf/about/commission/review-session.pdf?r=4/15/24.
*Meeting held in person in the New York City Department of City Planning Hearing Room, 120 Broadway, Lower Concourse, and remotely via ZOOM Webinar.

Upcoming CPC meetings: https://www1.nyc.gov/site/planning/about/commission-meetings.page

City Planning Commission (CPC) Public Meetings are open to the public and typically begin at 10:00am on Wednesdays, following a Monday CPC Review Session. The CPC Public Meetings are comprised of:

- Scheduling dates for future public hearings
- Reports (Commission votes)
- Public hearings, during which testimony is accepted regarding land use applications in public review

 Closed captioning is available through YouTube, and DCP makes no representations or warranties with respect thereto.","{'default': {'url': 'https://i.ytimg.com/vi/F2xECOCQCm8/default.jpg', 'width': 120, 'height': 90}, 'medium': {'url': 'https://i.ytimg.com/vi/F2xECOCQCm8/mqdefault.jpg', 'width': 320, 'height': 180}, 'high': {'url': 'https://i.ytimg.com/vi/F2xECOCQCm8/hqdefault.jpg', 'width': 480, 'height': 360}, 'standard': {'url': 'https://i.ytimg.com/vi/F2xECOCQCm8/sddefault.jpg', 'width': 640, 'height': 480}, 'maxres': {'url': 'https://i.ytimg.com/vi/F2xECOCQCm8/maxresdefault.jpg', 'width': 1280, 'height': 720}}",NYC Department of City Planning,PLGrmWHAps7Bwmn16RXA0R3ql2r9on8SQ2,32,"{'kind': 'youtube#video', 'videoId': 'F2xECOCQCm8'}",NYC Department of City Planning,UCu0amGxQJBNtd1YlTFETTqQ,https://i.ytimg.com/vi/F2xECOCQCm8/hqdefault.jpg
youtube#playlistItem,Q12q1NhFUk7PqGVFRnXSF-tIxVI,UExHcm1XSEFwczdCd21uMTZSWEEwUjNxbDJyOW9uOFNRMi41Mzk2QTAxMTkzNDk4MDhF,https://www.youtube.com/watch?v=18BQZBTE6kg,18BQZBTE6kg,2024-04-01T17:27:36Z,UCu0amGxQJBNtd1YlTFETTqQ,"April 1st, 2024: City Planning Commission Review Session","Calendar for April 1*, 2024: https://www1.nyc.gov/assets/planning/download/pdf/about/commission/review-session.pdf?r=4/1/24.
*Meeting held in person in the New York City Department of City Planning Hearing Room, 120 Broadway, Lower Concourse, and remotely via ZOOM Webinar.

Upcoming CPC meetings: https://www1.nyc.gov/site/planning/about/commission-meetings.page

City Planning Commission (CPC) Public Meetings are open to the public and typically begin at 10:00am on Wednesdays, following a Monday CPC Review Session. The CPC Public Meetings are comprised of:

- Scheduling dates for future public hearings
- Reports (Commission votes)
- Public hearings, during which testimony is accepted regarding land use applications in public review

 Closed captioning is available through YouTube, and DCP makes no representations or warranties with respect thereto.","{'default': {'url': 'https://i.ytimg.com/vi/18BQZBTE6kg/default.jpg', 'width': 120, 'height': 90}, 'medium': {'url': 'https://i.ytimg.com/vi/18BQZBTE6kg/mqdefault.jpg', 'width': 320, 'height': 180}, 'high': {'url': 'https://i.ytimg.com/vi/18BQZBTE6kg/hqdefault.jpg', 'width': 480, 'height': 360}, 'standard': {'url': 'https://i.ytimg.com/vi/18BQZBTE6kg/sddefault.jpg', 'width': 640, 'height': 480}, 'maxres': {'url': 'https://i.ytimg.com/vi/18BQZBTE6kg/maxresdefault.jpg', 'width': 1280, 'height': 720}}",NYC Department of City Planning,PLGrmWHAps7Bwmn16RXA0R3ql2r9on8SQ2,33,"{'kind': 'youtube#video', 'videoId': '18BQZBTE6kg'}",NYC Department of City Planning,UCu0amGxQJBNtd1YlTFETTqQ,https://i.ytimg.com/vi/18BQZBTE6kg/hqdefault.jpg
youtube#playlistItem,dieKdp7JkvzI-0Y-Cs11xqplsQw,UExHcm1XSEFwczdCd21uMTZSWEEwUjNxbDJyOW9uOFNRMi4zMDg5MkQ5MEVDMEM1NTg2,https://www.youtube.com/watch?v=FNBgma2WD3U,FNBgma2WD3U,2024-03-25T05:08:52Z,UCu0amGxQJBNtd1YlTFETTqQ,"March 20th, 2024: City Planning Commission Public Meeting","Calendar for March 20th*, 2024: https://www1.nyc.gov/assets/planning/download/pdf/about/commission/calendar.pdf?r=3202024
*Meeting held in person in the New York City Department of City Planning Hearing Room, 120 Broadway, Lower Concourse, and remotely via ZOOM Webinar.

Upcoming CPC meetings: https://www1.nyc.gov/site/planning/about/commission-meetings.page

City Planning Commission (CPC) Public Meetings are open to the public and typically begin at 10:00am on Wednesdays, following a Monday CPC Review Session. The CPC Public Meetings are comprised of:

- Scheduling dates for future public hearings
- Reports (Commission votes)
- Public hearings, during which testimony is accepted regarding land use applications in public review.","{'default': {'url': 'https://i.ytimg.com/vi/FNBgma2WD3U/default.jpg', 'width': 120, 'height': 90}, 'medium': {'url': 'https://i.ytimg.com/vi/FNBgma2WD3U/mqdefault.jpg', 'width': 320, 'height': 180}, 'high': {'url': 'https://i.ytimg.com/vi/FNBgma2WD3U/hqdefault.jpg', 'width': 480, 'height': 360}, 'standard': {'url': 'https://i.ytimg.com/vi/FNBgma2WD3U/sddefault.jpg', 'width': 640, 'height': 480}, 'maxres': {'url': 'https://i.ytimg.com/vi/FNBgma2WD3U/maxresdefault.jpg', 'width': 1280, 'height': 720}}",NYC Department of City Planning,PLGrmWHAps7Bwmn16RXA0R3ql2r9on8SQ2,34,"{'kind': 'youtube#video', 'videoId': 'FNBgma2WD3U'}",NYC Department of City Planning,UCu0amGxQJBNtd1YlTFETTqQ,https://i.ytimg.com/vi/FNBgma2WD3U/hqdefault.jpg
youtube#playlistItem,4eXxB5wk3HeB94OjuLKo8sG3cRA,UExHcm1XSEFwczdCd21uMTZSWEEwUjNxbDJyOW9uOFNRMi5EMEEwRUY5M0RDRTU3NDJC,https://www.youtube.com/watch?v=iyrvKgaRu8k,iyrvKgaRu8k,2024-03-18T16:59:59Z,UCu0amGxQJBNtd1YlTFETTqQ,"March 18th, 2024: City Planning Commission Review Session","Calendar for March 18*, 2024: https://www1.nyc.gov/assets/planning/download/pdf/about/commission/review-session.pdf?r=3/18/24.
*Meeting held in person in the New York City Department of City Planning Hearing Room, 120 Broadway, Lower Concourse, and remotely via ZOOM Webinar.

Upcoming CPC meetings: https://www1.nyc.gov/site/planning/about/commission-meetings.page

City Planning Commission (CPC) Public Meetings are open to the public and typically begin at 10:00am on Wednesdays, following a Monday CPC Review Session. The CPC Public Meetings are comprised of:

- Scheduling dates for future public hearings
- Reports (Commission votes)
- Public hearings, during which testimony is accepted regarding land use applications in public review

 Closed captioning is available through YouTube, and DCP makes no representations or warranties with respect thereto.","{'default': {'url': 'https://i.ytimg.com/vi/iyrvKgaRu8k/default.jpg', 'width': 120, 'height': 90}, 'medium': {'url': 'https://i.ytimg.com/vi/iyrvKgaRu8k/mqdefault.jpg', 'width': 320, 'height': 180}, 'high': {'url': 'https://i.ytimg.com/vi/iyrvKgaRu8k/hqdefault.jpg', 'width': 480, 'height': 360}, 'standard': {'url': 'https://i.ytimg.com/vi/iyrvKgaRu8k/sddefault.jpg', 'width': 640, 'height': 480}, 'maxres': {'url': 'https://i.ytimg.com/vi/iyrvKgaRu8k/maxresdefault.jpg', 'width': 1280, 'height': 720}}",NYC Department of City Planning,PLGrmWHAps7Bwmn16RXA0R3ql2r9on8SQ2,35,"{'kind': 'youtube#video', 'videoId': 'iyrvKgaRu8k'}",NYC Department of City Planning,UCu0amGxQJBNtd1YlTFETTqQ,https://i.ytimg.com/vi/iyrvKgaRu8k/hqdefault.jpg
youtube#playlistItem,VaSVsQ2pwASGH9K-K53RWmioZkM,UExHcm1XSEFwczdCd21uMTZSWEEwUjNxbDJyOW9uOFNRMi40NzZCMERDMjVEN0RFRThB,https://www.youtube.com/watch?v=tHvlrhlLwng,tHvlrhlLwng,2024-03-06T14:56:59Z,UCu0amGxQJBNtd1YlTFETTqQ,"March 6th, 2024: City Planning Commission Public Meeting","Calendar for March 6*, 2024: https://www1.nyc.gov/assets/planning/download/pdf/about/commission/calendar.pdf?r=3062024
*Meeting held in person in the New York City Department of City Planning Hearing Room, 120 Broadway, Lower Concourse, and remotely via ZOOM Webinar.

Upcoming CPC meetings: https://www1.nyc.gov/site/planning/about/commission-meetings.page

City Planning Commission (CPC) Public Meetings are open to the public and typically begin at 10:00am on Wednesdays, following a Monday CPC Review Session. The CPC Public Meetings are comprised of:

- Scheduling dates for future public hearings
- Reports (Commission votes)
- Public hearings, during which testimony is accepted regarding land use applications in public review.","{'default': {'url': 'https://i.ytimg.com/vi/tHvlrhlLwng/default.jpg', 'width': 120, 'height': 90}, 'medium': {'url': 'https://i.ytimg.com/vi/tHvlrhlLwng/mqdefault.jpg', 'width': 320, 'height': 180}, 'high': {'url': 'https://i.ytimg.com/vi/tHvlrhlLwng/hqdefault.jpg', 'width': 480, 'height': 360}, 'standard': {'url': 'https://i.ytimg.com/vi/tHvlrhlLwng/sddefault.jpg', 'width': 640, 'height': 480}, 'maxres': {'url': 'https://i.ytimg.com/vi/tHvlrhlLwng/maxresdefault.jpg', 'width': 1280, 'height': 720}}",NYC Department of City Planning,PLGrmWHAps7Bwmn16RXA0R3ql2r9on8SQ2,36,"{'kind': 'youtube#video', 'videoId': 'tHvlrhlLwng'}",NYC Department of City Planning,UCu0amGxQJBNtd1YlTFETTqQ,https://i.ytimg.com/vi/tHvlrhlLwng/hqdefault.jpg
youtube#playlistItem,918XSXtfTjirrrHhPBmT5I04PEs,UExHcm1XSEFwczdCd21uMTZSWEEwUjNxbDJyOW9uOFNRMi5GNjNDRDREMDQxOThCMDQ2,https://www.youtube.com/watch?v=sekjUZbh0OU,sekjUZbh0OU,2024-03-04T18:00:11Z,UCu0amGxQJBNtd1YlTFETTqQ,"March 4th, 2024: City Planning Commission Review Session","Calendar for March 4*, 2024: https://www1.nyc.gov/assets/planning/download/pdf/about/commission/review-session.pdf?r=2/20/24.
*Meeting held in person in the New York City Department of City Planning Hearing Room, 120 Broadway, Lower Concourse, and remotely via ZOOM Webinar.

Upcoming CPC meetings: https://www1.nyc.gov/site/planning/about/commission-meetings.page

City Planning Commission (CPC) Public Meetings are open to the public and typically begin at 10:00am on Wednesdays, following a Monday CPC Review Session. The CPC Public Meetings are comprised of:

- Scheduling dates for future public hearings
- Reports (Commission votes)
- Public hearings, during which testimony is accepted regarding land use applications in public review

 Closed captioning is available through YouTube, and DCP makes no representations or warranties with respect thereto.","{'default': {'url': 'https://i.ytimg.com/vi/sekjUZbh0OU/default.jpg', 'width': 120, 'height': 90}, 'medium': {'url': 'https://i.ytimg.com/vi/sekjUZbh0OU/mqdefault.jpg', 'width': 320, 'height': 180}, 'high': {'url': 'https://i.ytimg.com/vi/sekjUZbh0OU/hqdefault.jpg', 'width': 480, 'height': 360}, 'standard': {'url': 'https://i.ytimg.com/vi/sekjUZbh0OU/sddefault.jpg', 'width': 640, 'height': 480}, 'maxres': {'url': 'https://i.ytimg.com/vi/sekjUZbh0OU/maxresdefault.jpg', 'width': 1280, 'height': 720}}",NYC Department of City Planning,PLGrmWHAps7Bwmn16RXA0R3ql2r9on8SQ2,37,"{'kind': 'youtube#video', 'videoId': 'sekjUZbh0OU'}",NYC Department of City Planning,UCu0amGxQJBNtd1YlTFETTqQ,https://i.ytimg.com/vi/sekjUZbh0OU/hqdefault.jpg
youtube#playlistItem,jJr6hkTC4FTIlKbUg-BgUlbvmVo,UExHcm1XSEFwczdCd21uMTZSWEEwUjNxbDJyOW9uOFNRMi45NDk1REZENzhEMzU5MDQz,https://www.youtube.com/watch?v=4r0G294iDR4,4r0G294iDR4,2024-02-21T15:33:36Z,UCu0amGxQJBNtd1YlTFETTqQ,"February 20th, 2024: City Planning Commission Review Session","Calendar for February 20*, 2024: https://www1.nyc.gov/assets/planning/download/pdf/about/commission/review-session.pdf?r=2/20/24.
*Meeting held in person in the New York City Department of City Planning Hearing Room, 120 Broadway, Lower Concourse, and remotely via ZOOM Webinar.

Upcoming CPC meetings: https://www1.nyc.gov/site/planning/about/commission-meetings.page

City Planning Commission (CPC) Public Meetings are open to the public and typically begin at 10:00am on Wednesdays, following a Monday CPC Review Session. The CPC Public Meetings are comprised of:

- Scheduling dates for future public hearings
- Reports (Commission votes)
- Public hearings, during which testimony is accepted regarding land use applications in public review

 Closed captioning is available through YouTube, and DCP makes no representations or warranties with respect thereto.","{'default': {'url': 'https://i.ytimg.com/vi/4r0G294iDR4/default.jpg', 'width': 120, 'height': 90}, 'medium': {'url': 'https://i.ytimg.com/vi/4r0G294iDR4/mqdefault.jpg', 'width': 320, 'height': 180}, 'high': {'url': 'https://i.ytimg.com/vi/4r0G294iDR4/hqdefault.jpg', 'width': 480, 'height': 360}, 'standard': {'url': 'https://i.ytimg.com/vi/4r0G294iDR4/sddefault.jpg', 'width': 640, 'height': 480}, 'maxres': {'url': 'https://i.ytimg.com/vi/4r0G294iDR4/maxresdefault.jpg', 'width': 1280, 'height': 720}}",NYC Department of City Planning,PLGrmWHAps7Bwmn16RXA0R3ql2r9on8SQ2,38,"{'kind': 'youtube#video', 'videoId': '4r0G294iDR4'}",NYC Department of City Planning,UCu0amGxQJBNtd1YlTFETTqQ,https://i.ytimg.com/vi/4r0G294iDR4/hqdefault.jpg
youtube#playlistItem,dl8xyLBOgua4Wyq4SSDepcI9_18,UExHcm1XSEFwczdCd21uMTZSWEEwUjNxbDJyOW9uOFNRMi5DQUNERDQ2NkIzRUQxNTY1,https://www.youtube.com/watch?v=pTgCipJDhR8,pTgCipJDhR8,2024-02-21T15:30:13Z,UCu0amGxQJBNtd1YlTFETTqQ,"February 21st, 2024: City Planning Commission Public Meeting","Calendar for February 21*, 2024: https://www1.nyc.gov/assets/planning/download/pdf/about/commission/calendar.pdf?r=2212024
*Meeting held in person in the New York City Department of City Planning Hearing Room, 120 Broadway, Lower Concourse, and remotely via ZOOM Webinar.

Upcoming CPC meetings: https://www1.nyc.gov/site/planning/about/commission-meetings.page

City Planning Commission (CPC) Public Meetings are open to the public and typically begin at 10:00am on Wednesdays, following a Monday CPC Review Session. The CPC Public Meetings are comprised of:

- Scheduling dates for future public hearings
- Reports (Commission votes)
- Public hearings, during which testimony is accepted regarding land use applications in public review.","{'default': {'url': 'https://i.ytimg.com/vi/pTgCipJDhR8/default.jpg', 'width': 120, 'height': 90}, 'medium': {'url': 'https://i.ytimg.com/vi/pTgCipJDhR8/mqdefault.jpg', 'width': 320, 'height': 180}, 'high': {'url': 'https://i.ytimg.com/vi/pTgCipJDhR8/hqdefault.jpg', 'width': 480, 'height': 360}, 'standard': {'url': 'https://i.ytimg.com/vi/pTgCipJDhR8/sddefault.jpg', 'width': 640, 'height': 480}, 'maxres': {'url': 'https://i.ytimg.com/vi/pTgCipJDhR8/maxresdefault.jpg', 'width': 1280, 'height': 720}}",NYC Department of City Planning,PLGrmWHAps7Bwmn16RXA0R3ql2r9on8SQ2,39,"{'kind': 'youtube#video', 'videoId': 'pTgCipJDhR8'}",NYC Department of City Planning,UCu0amGxQJBNtd1YlTFETTqQ,https://i.ytimg.com/vi/pTgCipJDhR8/hqdefault.jpg
youtube#playlistItem,rdTxdoZ35mRw74FBUOih7KOI9nw,UExHcm1XSEFwczdCd21uMTZSWEEwUjNxbDJyOW9uOFNRMi41MzJCQjBCNDIyRkJDN0VD,https://www.youtube.com/watch?v=7nJPahHux2g,7nJPahHux2g,2024-02-07T15:30:19Z,UCu0amGxQJBNtd1YlTFETTqQ,"February 7th, 2024: City Planning Commission Public Meeting + Special Review Session","Calendar for February 7*, 2024: https://www1.nyc.gov/assets/planning/download/pdf/about/commission/calendar.pdf?r=272024
*Meeting held in person in the New York City Department of City Planning Hearing Room, 120 Broadway, Lower Concourse, and remotely via ZOOM Webinar.

Upcoming CPC meetings: https://www1.nyc.gov/site/planning/about/commission-meetings.page

City Planning Commission (CPC) Public Meetings are open to the public and typically begin at 10:00am on Wednesdays, following a Monday CPC Review Session. The CPC Public Meetings are comprised of:

- Scheduling dates for future public hearings
- Reports (Commission votes)
- Public hearings, during which testimony is accepted regarding land use applications in public review.","{'default': {'url': 'https://i.ytimg.com/vi/7nJPahHux2g/default.jpg', 'width': 120, 'height': 90}, 'medium': {'url': 'https://i.ytimg.com/vi/7nJPahHux2g/mqdefault.jpg', 'width': 320, 'height': 180}, 'high': {'url': 'https://i.ytimg.com/vi/7nJPahHux2g/hqdefault.jpg', 'width': 480, 'height': 360}, 'standard': {'url': 'https://i.ytimg.com/vi/7nJPahHux2g/sddefault.jpg', 'width': 640, 'height': 480}, 'maxres': {'url': 'https://i.ytimg.com/vi/7nJPahHux2g/maxresdefault.jpg', 'width': 1280, 'height': 720}}",NYC Department of City Planning,PLGrmWHAps7Bwmn16RXA0R3ql2r9on8SQ2,40,"{'kind': 'youtube#video', 'videoId': '7nJPahHux2g'}",NYC Department of City Planning,UCu0amGxQJBNtd1YlTFETTqQ,https://i.ytimg.com/vi/7nJPahHux2g/hqdefault.jpg
youtube#playlistItem,4HfnII6xIZHMNM2ZLRkkROtry8M,UExHcm1XSEFwczdCd21uMTZSWEEwUjNxbDJyOW9uOFNRMi4wOTA3OTZBNzVEMTUzOTMy,https://www.youtube.com/watch?v=a8TK2a4ePdM,a8TK2a4ePdM,2024-02-05T17:57:04Z,UCu0amGxQJBNtd1YlTFETTqQ,"February 5th, 2024: City Planning Commission Review Session","Calendar for February 5*, 2024: https://www1.nyc.gov/assets/planning/download/pdf/about/commission/review-session.pdf?r=2/5/24.
*Meeting held in person in the New York City Department of City Planning Hearing Room, 120 Broadway, Lower Concourse, and remotely via ZOOM Webinar.

Upcoming CPC meetings: https://www1.nyc.gov/site/planning/about/commission-meetings.page

City Planning Commission (CPC) Public Meetings are open to the public and typically begin at 10:00am on Wednesdays, following a Monday CPC Review Session. The CPC Public Meetings are comprised of:

- Scheduling dates for future public hearings
- Reports (Commission votes)
- Public hearings, during which testimony is accepted regarding land use applications in public review

 Closed captioning is available through YouTube, and DCP makes no representations or warranties with respect thereto.","{'default': {'url': 'https://i.ytimg.com/vi/a8TK2a4ePdM/default.jpg', 'width': 120, 'height': 90}, 'medium': {'url': 'https://i.ytimg.com/vi/a8TK2a4ePdM/mqdefault.jpg', 'width': 320, 'height': 180}, 'high': {'url': 'https://i.ytimg.com/vi/a8TK2a4ePdM/hqdefault.jpg', 'width': 480, 'height': 360}, 'standard': {'url': 'https://i.ytimg.com/vi/a8TK2a4ePdM/sddefault.jpg', 'width': 640, 'height': 480}, 'maxres': {'url': 'https://i.ytimg.com/vi/a8TK2a4ePdM/maxresdefault.jpg', 'width': 1280, 'height': 720}}",NYC Department of City Planning,PLGrmWHAps7Bwmn16RXA0R3ql2r9on8SQ2,41,"{'kind': 'youtube#video', 'videoId': 'a8TK2a4ePdM'}",NYC Department of City Planning,UCu0amGxQJBNtd1YlTFETTqQ,https://i.ytimg.com/vi/a8TK2a4ePdM/hqdefault.jpg
youtube#playlistItem,zvyiIf8zNgBcuN0thWQSJOxrTwk,UExHcm1XSEFwczdCd21uMTZSWEEwUjNxbDJyOW9uOFNRMi41MjE1MkI0OTQ2QzJGNzNG,https://www.youtube.com/watch?v=M26QL4yNSNA,M26QL4yNSNA,2024-01-25T13:17:18Z,UCu0amGxQJBNtd1YlTFETTqQ,"January 24th, 2024: City Planning Commission Public Meeting","Calendar for January 24*, 2024: https://www1.nyc.gov/assets/planning/download/pdf/about/commission/calendar.pdf?r=1242024
*Meeting held in person in the New York City Department of City Planning Hearing Room, 120 Broadway, Lower Concourse, and remotely via ZOOM Webinar.

Upcoming CPC meetings: https://www1.nyc.gov/site/planning/about/commission-meetings.page

City Planning Commission (CPC) Public Meetings are open to the public and typically begin at 10:00am on Wednesdays, following a Monday CPC Review Session. The CPC Public Meetings are comprised of:

- Scheduling dates for future public hearings
- Reports (Commission votes)
- Public hearings, during which testimony is accepted regarding land use applications in public review.","{'default': {'url': 'https://i.ytimg.com/vi/M26QL4yNSNA/default.jpg', 'width': 120, 'height': 90}, 'medium': {'url': 'https://i.ytimg.com/vi/M26QL4yNSNA/mqdefault.jpg', 'width': 320, 'height': 180}, 'high': {'url': 'https://i.ytimg.com/vi/M26QL4yNSNA/hqdefault.jpg', 'width': 480, 'height': 360}, 'standard': {'url': 'https://i.ytimg.com/vi/M26QL4yNSNA/sddefault.jpg', 'width': 640, 'height': 480}, 'maxres': {'url': 'https://i.ytimg.com/vi/M26QL4yNSNA/maxresdefault.jpg', 'width': 1280, 'height': 720}}",NYC Department of City Planning,PLGrmWHAps7Bwmn16RXA0R3ql2r9on8SQ2,42,"{'kind': 'youtube#video', 'videoId': 'M26QL4yNSNA'}",NYC Department of City Planning,UCu0amGxQJBNtd1YlTFETTqQ,https://i.ytimg.com/vi/M26QL4yNSNA/hqdefault.jpg
youtube#playlistItem,wY1Gj30wA9fdiA-Wg1dTJ4qaTHU,UExHcm1XSEFwczdCd21uMTZSWEEwUjNxbDJyOW9uOFNRMi4wMTcyMDhGQUE4NTIzM0Y5,https://www.youtube.com/watch?v=q-k7TOspvLo,q-k7TOspvLo,2024-01-22T17:56:54Z,UCu0amGxQJBNtd1YlTFETTqQ,"January 22nd, 2024: City Planning Commission Review Session","Calendar for January 22*, 2024: https://www1.nyc.gov/assets/planning/download/pdf/about/commission/review-session.pdf?r=1/22/24.
*Meeting held in person in the New York City Department of City Planning Hearing Room, 120 Broadway, Lower Concourse, and remotely via ZOOM Webinar.

Upcoming CPC meetings: https://www1.nyc.gov/site/planning/about/commission-meetings.page

City Planning Commission (CPC) Public Meetings are open to the public and typically begin at 10:00am on Wednesdays, following a Monday CPC Review Session. The CPC Public Meetings are comprised of:

- Scheduling dates for future public hearings
- Reports (Commission votes)
- Public hearings, during which testimony is accepted regarding land use applications in public review

 Closed captioning is available through YouTube, and DCP makes no representations or warranties with respect thereto.","{'default': {'url': 'https://i.ytimg.com/vi/q-k7TOspvLo/default.jpg', 'width': 120, 'height': 90}, 'medium': {'url': 'https://i.ytimg.com/vi/q-k7TOspvLo/mqdefault.jpg', 'width': 320, 'height': 180}, 'high': {'url': 'https://i.ytimg.com/vi/q-k7TOspvLo/hqdefault.jpg', 'width': 480, 'height': 360}, 'standard': {'url': 'https://i.ytimg.com/vi/q-k7TOspvLo/sddefault.jpg', 'width': 640, 'height': 480}, 'maxres': {'url': 'https://i.ytimg.com/vi/q-k7TOspvLo/maxresdefault.jpg', 'width': 1280, 'height': 720}}",NYC Department of City Planning,PLGrmWHAps7Bwmn16RXA0R3ql2r9on8SQ2,43,"{'kind': 'youtube#video', 'videoId': 'q-k7TOspvLo'}",NYC Department of City Planning,UCu0amGxQJBNtd1YlTFETTqQ,https://i.ytimg.com/vi/q-k7TOspvLo/hqdefault.jpg
youtube#playlistItem,j34cTtWxEfcrJboMZYSxNvxdeKg,UExHcm1XSEFwczdCd21uMTZSWEEwUjNxbDJyOW9uOFNRMi4yODlGNEE0NkRGMEEzMEQy,https://www.youtube.com/watch?v=F9iWOi0Mkzw,F9iWOi0Mkzw,2024-01-03T14:58:12Z,UCu0amGxQJBNtd1YlTFETTqQ,"January 3rd, 2024: City Planning Commission Public Meeting","Calendar for January 3*, 2024: https://www1.nyc.gov/assets/planning/download/pdf/about/commission/calendar.pdf?r=132024
*Meeting held in person in the New York City Department of City Planning Hearing Room, 120 Broadway, Lower Concourse, and remotely via ZOOM Webinar.

Upcoming CPC meetings: https://www1.nyc.gov/site/planning/about/commission-meetings.page

City Planning Commission (CPC) Public Meetings are open to the public and typically begin at 10:00am on Wednesdays, following a Monday CPC Review Session. The CPC Public Meetings are comprised of:

- Scheduling dates for future public hearings
- Reports (Commission votes)
- Public hearings, during which testimony is accepted regarding land use applications in public review.","{'default': {'url': 'https://i.ytimg.com/vi/F9iWOi0Mkzw/default.jpg', 'width': 120, 'height': 90}, 'medium': {'url': 'https://i.ytimg.com/vi/F9iWOi0Mkzw/mqdefault.jpg', 'width': 320, 'height': 180}, 'high': {'url': 'https://i.ytimg.com/vi/F9iWOi0Mkzw/hqdefault.jpg', 'width': 480, 'height': 360}, 'standard': {'url': 'https://i.ytimg.com/vi/F9iWOi0Mkzw/sddefault.jpg', 'width': 640, 'height': 480}, 'maxres': {'url': 'https://i.ytimg.com/vi/F9iWOi0Mkzw/maxresdefault.jpg', 'width': 1280, 'height': 720}}",NYC Department of City Planning,PLGrmWHAps7Bwmn16RXA0R3ql2r9on8SQ2,44,"{'kind': 'youtube#video', 'videoId': 'F9iWOi0Mkzw'}",NYC Department of City Planning,UCu0amGxQJBNtd1YlTFETTqQ,https://i.ytimg.com/vi/F9iWOi0Mkzw/hqdefault.jpg
youtube#playlistItem,MtBA6C6v5hoIlkp0_wAlYgiP-9g,UExHcm1XSEFwczdCd21uMTZSWEEwUjNxbDJyOW9uOFNRMi41NkI0NEY2RDEwNTU3Q0M2,https://www.youtube.com/watch?v=86E0lkWo7Po,86E0lkWo7Po,2024-01-03T14:17:53Z,UCu0amGxQJBNtd1YlTFETTqQ,"January 2nd, 2024: City Planning Commission Review Session","Calendar for January 2*, 2024: https://www1.nyc.gov/assets/planning/download/pdf/about/commission/review-session.pdf?r=1/2/24.
*Meeting held in person in the New York City Department of City Planning Hearing Room, 120 Broadway, Lower Concourse, and remotely via ZOOM Webinar.

Upcoming CPC meetings: https://www1.nyc.gov/site/planning/about/commission-meetings.page

City Planning Commission (CPC) Public Meetings are open to the public and typically begin at 10:00am on Wednesdays, following a Monday CPC Review Session. The CPC Public Meetings are comprised of:

- Scheduling dates for future public hearings
- Reports (Commission votes)
- Public hearings, during which testimony is accepted regarding land use applications in public review

 Closed captioning is available through YouTube, and DCP makes no representations or warranties with respect thereto.","{'default': {'url': 'https://i.ytimg.com/vi/86E0lkWo7Po/default.jpg', 'width': 120, 'height': 90}, 'medium': {'url': 'https://i.ytimg.com/vi/86E0lkWo7Po/mqdefault.jpg', 'width': 320, 'height': 180}, 'high': {'url': 'https://i.ytimg.com/vi/86E0lkWo7Po/hqdefault.jpg', 'width': 480, 'height': 360}, 'standard': {'url': 'https://i.ytimg.com/vi/86E0lkWo7Po/sddefault.jpg', 'width': 640, 'height': 480}, 'maxres': {'url': 'https://i.ytimg.com/vi/86E0lkWo7Po/maxresdefault.jpg', 'width': 1280, 'height': 720}}",NYC Department of City Planning,PLGrmWHAps7Bwmn16RXA0R3ql2r9on8SQ2,45,"{'kind': 'youtube#video', 'videoId': '86E0lkWo7Po'}",NYC Department of City Planning,UCu0amGxQJBNtd1YlTFETTqQ,https://i.ytimg.com/vi/86E0lkWo7Po/hqdefault.jpg
